imageID,range0,range1,range2,range3,range4,range5,range6,range7,range8,range9,range10,range11,range12,range13,range14,range15,range16,range17,range18,range19,range20,range21,range22,range23,range24,range25,range26,range27,range28,range29,range30,range31,range32,range33,range34,range35,range36,range37,range38,range39,range40,range41,range42,range43,range44,range45,range46,range47,range48,range49,range50,range51,range52,range53,range54,range55,range56,range57,range58,range59,range60,range61,range62,range63,grayscale,contrast
1,0.15971898355754857,0,0,0,0,0,0,0,0,0,0,0,0,0,0,0,0,0,0,0,0,0.1767085201793722,0.27309417040358747,0,0,0,0,0,0,0,0,0,0,0,0,0,0,0,0,0,0,0,0,0.1671270553064275,0,0,0,0,0,0,0,0,0,0,0,0,0,0,0,0,0,0,0,0.22335127055306428,135.0656,210.259
10,0.29499293062259274,0.19210179903466432,0,0,0,0,0,0,0,0,0,0,0,0,0,0,0,0,0,0,0,0,0.17643865893098012,0,0,0,0,0,0,0,0,0,0,0,0,0,0,0,0,0,0,0,0.15608860286350412,0,0,0,0,0,0,0,0,0,0,0,0,0,0,0,0,0,0,0,0,0.18037800854825867,121.7222,215.47299999999998
100,0.29676276276276276,0,0,0,0,0.2518738738738739,0,0,0,0,0,0,0,0,0,0,0,0,0,0,0,0,0.2121021021021021,0,0,0,0,0,0,0,0,0,0,0,0,0,0,0,0,0,0,0,0,0.11384384384384384,0,0,0,0,0,0,0,0,0,0,0,0,0,0,0,0,0,0,0,0.1254174174174174,129.72039999999998,209.596
101,0,0.16776155717761557,0.3236284436072522,0,0,0,0,0,0,0,0,0,0,0,0,0,0,0,0,0,0,0,0,0.17687387175260968,0,0,0.27454673887449965,0,0,0,0,0,0,0,0,0,0,0,0,0,0,0,0,0,0,0,0,0,0,0,0,0,0,0,0,0,0,0,0,0,0,0,0,0.057189388588022916,129.4972,176.91699999999997
102,0.16568506730668892,0,0,0,0,0,0,0,0,0,0,0,0,0,0,0,0,0,0,0,0,0,0.1652460955163658,0,0,0,0,0,0,0,0,0,0,0,0,0,0,0.053408466381439354,0,0,0,0,0,0.21928971442484957,0,0,0,0,0,0,0,0,0,0,0,0,0,0,0,0,0,0,0,0.3963706563706564,139.375,192.26099999999997
103,0.13215616045845271,0,0,0,0,0,0.180868553008596,0,0,0,0,0,0,0,0,0,0,0,0,0,0,0,0,0,0,0,0,0,0,0,0,0,0,0,0,0,0,0,0,0,0,0.1953080229226361,0,0.13887535816618912,0,0,0,0,0,0,0,0,0,0,0,0,0,0,0,0,0,0,0,0.3527919054441261,127.2228,187.73299999999998
104,0.3130833333333333,0,0,0,0,0,0,0,0,0,0,0,0,0,0,0,0,0,0,0,0,0.17911666666666667,0,0,0,0,0,0,0,0,0,0,0,0,0,0,0,0,0,0,0,0,0.1992,0,0,0,0,0,0,0,0,0,0,0,0,0,0,0,0,0,0,0,0,0.1177,130.64119999999997,182.21699999999998
105,0.04327067669172932,0,0,0,0,0,0,0,0,0,0,0,0,0,0,0,0,0,0,0,0,0.11588554720133667,0,0,0,0,0,0,0,0,0,0,0,0,0,0,0,0,0,0,0,0,0.17710108604845448,0,0,0,0,0,0,0,0,0,0,0,0,0,0,0,0,0,0,0,0,0.1285672514619883,130.5674,193.075
106,0.1402994923857868,0.30949238578680205,0,0,0,0,0.281994923857868,0,0,0,0,0,0,0,0,0,0,0,0,0,0,0,0,0,0,0,0.21773096446700507,0,0,0,0,0,0,0,0,0,0,0,0,0,0,0,0,0,0,0,0,0,0,0,0,0,0,0,0,0,0,0,0,0,0,0,0,0.05048223350253807,107.37280000000001,169.618
107,0,0.23511180124223602,0,0,0,0,0.2408136645962733,0,0,0,0,0,0,0,0,0,0,0,0,0,0,0,0,0,0,0,0.13132919254658385,0,0,0,0,0,0,0,0,0,0,0,0,0,0,0,0,0,0,0,0,0.2712608695652174,0,0,0,0,0,0,0,0,0,0,0,0,0,0,0,0,113.65239999999999,163.776
108,0,0.1803331964969896,0,0,0,0,0.2876593166002033,0,0,0,0,0,0,0,0,0,0,0,0,0,0,0,0.23691502463054187,0.22372986550942217,0,0,0,0,0,0,0,0,0,0,0,0,0,0,0,0,0,0,0,0.07136259676284307,0,0,0,0,0,0,0,0,0,0,0,0,0,0,0,0,0,0,0,0,117.95939999999999,138.87099999999998
109,0.23302385836122205,0,0,0,0,0,0,0,0,0,0,0,0,0,0,0,0,0,0,0,0,0.15135485263953363,0,0,0,0,0,0,0,0,0,0,0,0,0,0,0,0,0,0,0,0,0.1650518190650977,0,0,0,0,0,0,0,0,0,0,0,0,0,0,0,0.29991633380114435,0,0,0,0,0.15065313613300227,137.4118,192.11799999999997
11,0.4175384615384615,0,0,0,0,0,0,0,0,0,0,0,0,0,0,0,0,0,0,0,0,0.12596068376068376,0,0,0,0,0,0,0,0,0,0,0,0,0,0,0,0,0,0,0,0,0.1334188034188034,0,0,0,0,0,0,0,0,0,0,0,0,0,0,0,0,0.19937094017094018,0,0,0,0.1237111111111111,132.74079999999998,228.26199999999997
110,0.21606578569376617,0,0,0,0,0.26247845446710716,0,0,0,0,0,0,0,0,0,0,0,0,0,0,0,0,0.2213264866417696,0,0,0,0,0,0,0,0,0,0,0,0,0,0,0,0,0,0,0,0.2042696064349325,0,0,0,0,0,0,0,0,0,0,0,0,0,0,0,0,0,0,0,0,0.09585966676242459,122.7096,187.76
111,0.2295644152093695,0.21015411920423552,0,0,0,0,0,0,0,0,0,0,0,0,0,0,0,0,0,0,0,0,0.20095409513877746,0,0,0,0,0,0,0,0,0,0,0,0,0,0,0,0,0,0,0,0,0.21154038986042034,0,0,0,0,0,0,0,0,0,0,0,0,0,0,0,0,0,0,0,0.14778698058719716,122.94419999999998,209.22899999999998
112,0.21122268712226872,0,0,0,0,0.24460715946071596,0,0,0,0,0,0,0,0,0,0,0,0,0,0,0,0,0,0.16451882845188284,0,0,0,0,0,0,0,0,0,0,0,0,0,0,0,0,0,0,0.2050418410041841,0,0,0,0,0,0,0,0,0,0,0,0,0,0,0,0,0,0,0,0,0.1746094839609484,129.6846,189.103
113,0.1571703506097561,0,0,0,0,0.1833921493902439,0,0,0,0,0,0,0,0,0,0,0,0,0,0,0,0,0,0,0,0,0.32208498475609754,0,0,0,0,0,0,0,0,0,0,0,0,0,0,0,0,0.22099047256097562,0,0,0,0,0,0,0,0,0,0,0,0,0,0,0,0,0,0,0,0.11636204268292683,139.273,188.77100000000002
114,0,0.1303183183183183,0,0,0,0.2821246246246246,0,0,0,0,0,0,0,0,0,0,0,0,0,0,0,0,0.28586036036036033,0,0,0,0.20113813813813813,0,0,0,0,0,0,0,0,0,0,0,0,0,0,0,0,0,0,0,0,0,0,0,0,0,0,0,0,0,0,0,0,0,0,0,0,0.10055855855855855,125.8288,174.02200000000005
115,0.22893403025263326,0,0,0,0,0,0,0,0,0,0,0,0,0,0,0,0,0,0,0,0,0.14162112932604737,0,0,0,0,0,0,0,0,0,0,0,0,0,0,0.16587471291676567,0,0,0,0,0,0.1993743565375782,0,0,0,0,0,0,0,0,0,0,0,0,0,0,0,0,0,0,0,0,0.26419577096697555,119.0798,188.708
116,0.19553751605210054,0.19538559438635114,0,0,0,0,0,0,0,0,0,0,0,0,0,0,0,0,0,0,0,0,0.2289803476426344,0,0,0,0,0,0,0,0,0,0,0,0,0,0,0,0,0,0,0,0.2345383874518437,0,0,0,0,0,0,0,0,0,0,0,0,0,0,0,0,0,0,0,0,0.14555815446707027,115.51499999999999,178.423
117,0.08374843138702295,0,0,0,0.18456189562264708,0,0,0,0,0,0,0,0,0,0,0,0,0,0,0,0,0.2695268325090426,0,0,0,0,0,0,0,0,0,0,0,0,0,0,0,0,0,0,0,0,0.341727319701779,0,0,0,0,0,0,0,0,0,0,0,0,0,0,0,0,0,0,0,0,0.12043552077950838,108.38860000000003,180.761
118,0.05255221386800334,0,0,0,0,0,0,0,0,0,0,0,0,0,0,0,0,0,0,0,0,0,0.1410484544695071,0,0,0,0.21183375104427735,0,0,0,0,0,0,0,0,0,0,0,0,0,0,0,0,0,0,0,0,0.38327903091060983,0,0,0,0,0,0,0,0,0,0,0,0,0,0,0,0.21128654970760233,146.2308,186.124
119,0,0,0.09326190476190477,0,0,0,0,0,0,0,0,0,0,0,0,0,0,0,0,0,0.23253174603174603,0,0,0,0,0,0.12203968253968255,0,0,0,0,0,0,0,0,0,0,0,0,0,0,0,0,0.21842063492063493,0,0,0,0,0,0,0,0,0,0,0,0,0,0,0,0,0,0,0,0.33374603174603173,140.6314,177.744
12,0.18893065998329156,0,0,0,0,0,0,0,0,0,0,0,0,0,0,0,0,0,0,0,0,0.10289055973266499,0,0,0,0,0,0,0,0,0,0,0,0,0,0,0,0,0,0,0,0,0.09933166248955723,0,0,0,0,0,0,0,0,0,0,0,0,0,0,0,0,0,0,0,0,0.36904761904761907,135.2268,229.77199999999996
120,0.22796409214092142,0,0,0,0,0,0,0,0,0,0,0,0,0,0,0,0,0,0,0,0,0.1810467479674797,0,0,0,0,0,0,0,0,0,0,0,0,0,0,0,0,0,0,0,0.1870149667405765,0.13439116777531412,0,0,0,0,0,0,0,0,0,0,0,0,0,0,0,0,0,0,0,0,0.26958302537570833,117.4606,174.43
121,0,0.1286607142857143,0,0,0,0,0.15004836309523809,0,0,0,0,0,0,0,0,0,0,0,0,0,0,0,0,0,0,0,0.2610491071428571,0,0,0,0,0,0,0,0,0,0,0,0,0,0,0,0,0.32312127976190474,0,0,0,0,0,0,0,0,0,0,0,0,0,0,0,0,0,0,0,0.1371205357142857,151.96779999999998,176.922
122,0.08323326359832636,0,0,0,0,0,0.12723012552301255,0,0,0,0,0,0,0,0,0,0,0,0,0,0,0,0,0,0,0,0.190076359832636,0,0,0,0,0,0,0,0,0,0.17918096234309625,0,0,0,0,0,0,0,0,0,0,0.42027928870292885,0,0,0,0,0,0,0,0,0,0,0,0,0,0,0,0,111.56739999999998,168.643
123,0,0,0,0,0,0,0,0,0,0,0,0,0,0,0,0,0,0,0,0,0.021691729323308272,0,0.07742272347535506,0,0,0,0,0,0,0,0,0,0,0,0,0,0,0,0,0,0,0,0.19611528822055138,0,0,0,0,0,0,0,0,0,0,0,0,0,0,0,0,0,0,0,0,0.17934837092731828,158.40619999999998,164.334
124,0.11426520418940328,0,0,0,0,0.24534908026755853,0,0,0,0,0,0,0,0,0,0,0,0,0,0,0,0,0,0,0,0,0.29535953177257523,0,0,0,0,0,0,0,0,0,0,0,0,0,0,0,0,0.2129604162999472,0,0,0,0,0,0,0,0,0,0,0,0,0,0,0,0,0,0,0,0.13206576747051577,137.9722,203.637
125,0,0.14474149659863947,0,0,0,0,0,0,0,0,0,0,0,0,0,0,0,0,0,0.040879818594104306,0,0.10875056689342404,0,0,0,0,0,0,0,0,0,0,0,0,0,0,0,0,0,0,0,0,0.2567460317460317,0,0,0,0,0,0,0,0,0,0,0,0,0,0,0,0,0,0,0,0,0.44888208616780045,134.3738,177.69
126,0.13842314901593253,0,0,0,0,0,0,0,0,0,0,0,0,0,0,0,0,0,0,0,0,0.15324156513589504,0,0,0,0,0.15674261949390816,0,0,0,0,0,0,0,0,0,0,0,0,0,0,0,0,0,0,0,0,0,0,0,0,0,0,0,0,0,0,0,0,0,0,0,0,0.30406220712277415,141.45479999999998,210.686
127,0,0.15683438485804416,0,0,0,0,0.2391545741324921,0,0,0,0.21873028391167193,0,0,0,0,0,0,0,0,0,0,0,0,0,0,0,0,0,0,0,0,0,0,0,0,0,0,0,0,0,0,0,0,0.25937223974763407,0,0,0,0,0,0,0,0,0,0,0,0,0,0,0,0,0,0,0,0.12590851735015773,140.3808,155.07799999999997
128,0.10178504921521682,0,0,0,0,0,0,0,0,0,0,0,0,0,0,0,0,0,0,0,0,0.08193136472466081,0,0,0,0,0,0,0,0,0,0,0,0,0,0,0,0,0,0,0,0,0.14023676509710029,0,0,0,0,0,0,0,0,0,0,0,0,0,0,0,0,0,0,0,0,0.26396382016493747,142.23819999999998,197.69000000000003
129,0.0925238478041587,0,0,0,0,0,0,0,0,0,0,0,0,0,0,0,0,0,0,0,0,0.13887665705756755,0,0,0,0,0,0,0,0,0,0,0,0,0,0,0,0,0,0,0,0,0.379203127480146,0,0,0,0,0,0,0,0,0,0,0,0,0,0,0,0,0,0,0,0,0.09304355840471887,128.6374,202.879
13,0.22866751809280544,0,0.062486164325244786,0,0,0,0,0,0,0,0,0,0,0,0,0,0,0,0,0,0,0.25753370228466016,0,0,0,0,0,0,0,0,0,0,0,0,0,0,0,0,0,0,0,0,0.21841350929473535,0,0,0,0,0,0,0,0,0,0,0,0,0,0,0,0,0,0,0,0,0.23289910600255428,115.4376,199.98899999999998
130,0.06817822095599874,0,0,0,0,0,0,0,0,0,0,0,0,0,0,0,0,0,0,0,0,0.18109232420826624,0,0,0,0,0,0.14508237334324292,0,0,0,0,0,0,0,0,0,0,0,0,0,0,0.19158855994604787,0,0,0,0,0,0,0,0,0,0,0,0,0,0,0,0,0,0,0,0,0.41405852154644424,143.56799999999998,163.623
131,0.1848094026137436,0.27402937840182257,0,0,0,0,0,0,0,0,0,0,0,0,0,0,0,0,0,0,0,0,0.21960212378582936,0,0,0,0,0,0,0,0,0,0,0,0,0,0,0,0,0,0,0,0.17965817342979973,0,0,0,0,0,0,0,0,0,0,0,0,0,0,0,0,0,0,0,0,0.14190092176880476,120.70939999999999,211.89499999999998
132,0.15101509630400833,0,0,0,0,0,0,0,0,0,0,0,0,0,0,0,0,0,0,0,0,0.21554167389669732,0,0,0,0,0,0,0,0,0,0,0,0,0,0,0,0,0,0,0,0.2045288912024987,0,0,0,0,0,0,0,0,0,0,0,0,0,0,0,0,0.25417317369425646,0,0,0,0,0.1747411649025392,133.4952,199.21099999999998
133,0.09450147492625369,0,0,0,0,0,0,0,0,0,0,0,0,0,0,0,0,0,0,0,0,0.17237758112094395,0,0,0,0,0,0,0,0,0,0,0,0,0,0,0,0,0,0,0,0,0.2574985250737463,0,0,0,0,0,0,0,0,0,0,0,0,0,0,0,0.24242477876106194,0,0,0,0,0.2331976401179941,133.2608,215.238
134,0.23168642560758743,0,0,0,0,0.2859662122110255,0,0,0,0,0,0,0,0,0,0,0,0,0,0,0,0.20256075874333135,0,0,0,0,0,0,0,0,0,0,0,0,0,0,0,0,0,0,0,0,0.20858624777711915,0,0,0,0,0,0,0,0,0,0,0,0,0,0,0,0,0,0,0,0,0.07120035566093658,114.44239999999999,193.411
135,0.18895604395604396,0,0,0,0,0,0,0,0,0,0,0,0,0,0,0,0,0,0,0,0,0.13281970242147234,0,0,0,0,0.16678401244772925,0,0,0,0,0,0,0,0,0,0,0,0,0,0,0,0,0.16286686764562872,0,0,0,0,0,0,0,0,0,0,0,0,0,0,0,0,0,0,0,0.34857337352912576,138.19959999999998,195.667
136,0.16740462969640152,0.26074853969856493,0,0,0,0,0,0,0,0,0,0,0,0,0,0,0,0,0,0,0,0,0.2154972236244321,0,0,0,0,0,0,0,0,0,0,0,0,0,0,0,0,0,0,0,0.2433403043196077,0,0,0,0,0,0,0,0,0,0,0,0,0,0,0,0,0,0,0,0,0.11300930266099372,120.1668,195.902
137,0.2819318181818182,0,0,0,0.23271070075757574,0.17493844696969696,0,0,0,0,0,0,0,0,0,0,0,0,0,0,0,0,0,0,0,0,0.17551136363636363,0,0,0,0,0,0,0,0,0,0,0,0,0,0,0,0,0,0,0,0,0,0,0,0,0,0,0,0,0,0,0,0,0,0,0,0,0.13490767045454546,114.0584,194.68
138,0,0.1305085816241138,0,0,0,0,0,0,0,0,0,0,0,0,0,0,0,0,0.17747264459286627,0,0,0,0.1637140195474713,0,0,0,0,0,0,0,0,0,0,0,0,0,0,0,0,0,0,0,0,0.25836451770798796,0,0,0,0,0,0,0,0,0,0,0,0,0,0,0,0,0,0,0,0.26994023652756066,141.23579999999998,185.958
139,0.192694212721585,0.177374706725756,0,0,0,0,0,0,0,0,0,0,0,0,0,0,0,0,0,0,0,0,0.288327685088634,0,0,0,0,0,0,0,0,0,0,0,0,0,0,0,0,0,0,0,0.24288158237747653,0,0,0,0,0,0,0,0,0,0,0,0,0,0,0,0,0,0,0,0,0.09872181308654848,128.78199999999998,200.68599999999998
14,0.41512211221122114,0,0,0,0,0.20281188118811883,0,0,0,0,0,0,0,0,0,0,0,0,0,0,0,0,0,0,0,0,0.13966336633663368,0.12021452145214521,0,0,0,0,0,0,0,0,0,0,0,0,0,0,0,0,0,0,0,0,0,0,0,0,0,0,0,0,0,0,0,0,0,0,0,0.12218811881188119,137.217,182.27700000000002
140,0.21272037037037037,0,0,0,0,0.20902222222222222,0,0,0,0,0,0,0,0,0,0,0,0,0,0,0,0.25487037037037036,0,0,0,0,0,0,0,0,0,0,0,0,0,0,0,0,0,0,0,0,0.23085185185185186,0,0,0,0,0,0,0,0,0,0,0,0,0,0,0,0,0,0,0,0,0.09253518518518518,124.5966,207.31399999999996
141,0.1328925925925926,0.1439,0,0,0,0,0,0,0,0,0,0,0,0,0,0,0,0,0,0,0,0,0,0,0,0,0.0814962962962963,0,0,0,0,0,0,0,0,0,0,0,0,0,0,0,0,0,0,0,0.1643962962962963,0,0,0,0,0,0,0,0,0,0,0,0,0,0,0,0,0.4773148148148148,127.42319999999998,220.103
142,0.1444143484626647,0,0,0,0,0,0,0,0,0,0,0,0,0,0,0,0,0,0,0,0,0.18672309663250367,0,0,0,0,0,0,0,0,0,0,0,0,0,0,0,0,0,0,0,0,0.22674780380673498,0,0,0,0,0,0,0,0,0,0,0,0,0,0,0,0,0,0,0,0,0.16174231332357247,120.99839999999999,171.772
143,0.22150407140620107,0.2832876605073599,0,0,0,0,0,0,0,0,0,0,0,0,0,0,0,0,0,0,0,0,0.1900837770122142,0,0,0,0,0,0,0,0,0,0,0,0,0,0,0,0,0,0,0,0,0.164277325399311,0,0,0,0,0,0,0,0,0,0,0,0,0,0,0,0,0,0,0,0.14084716567491387,118.3394,218.35799999999998
144,0.23607892264328217,0.24354447228311932,0,0,0,0,0,0,0,0,0,0,0,0,0,0,0,0,0,0,0,0.22345756341998121,0,0,0,0,0,0,0,0,0,0,0,0,0,0,0,0,0,0,0,0,0.1647979956154087,0.1321210460382086,0,0,0,0,0,0,0,0,0,0,0,0,0,0,0,0,0,0,0,0,105.5242,161.445
145,0.20082890070921985,0.19664007092198582,0,0,0,0,0,0,0,0,0,0,0,0,0,0,0,0,0,0,0,0,0.15894060283687944,0,0,0,0,0,0,0,0,0,0,0,0,0,0,0,0,0,0,0,0.2874512411347518,0,0,0,0,0,0,0,0,0,0,0,0,0,0,0,0,0,0,0,0,0.15613918439716312,122.40459999999999,215.98499999999999
146,0.19111482099795957,0,0,0,0,0,0,0,0,0,0,0,0,0,0,0,0,0,0,0,0,0.16947876089779262,0,0,0,0,0,0,0,0,0,0,0,0,0,0,0,0,0,0,0,0,0.21969764422185123,0,0,0,0,0,0,0,0,0,0,0,0,0,0,0,0,0,0,0,0,0.1264663327768503,107.4212,200.28799999999998
147,0.3041160300925926,0,0,0,0,0,0,0,0,0,0,0,0,0,0,0,0,0,0,0,0,0.2315089699074074,0,0,0,0,0.1277690972222222,0,0,0,0,0,0,0,0,0,0,0,0,0,0,0,0,0,0,0,0,0,0,0,0,0,0,0,0,0,0,0,0,0,0,0,0,0.10598668981481481,103.5462,201.191
148,0.20889673433362754,0.2696601941747573,0,0,0,0,0.2807149161518094,0,0,0,0,0,0,0,0,0,0,0,0,0,0,0,0,0,0,0,0.13732568402471315,0,0,0,0,0,0,0,0,0,0,0,0,0,0,0,0,0,0,0,0,0,0,0,0,0,0,0,0,0,0,0,0,0,0,0,0,0.10340247131509267,114.01259999999999,204.784
149,0.3530906394675926,0.2846996166087963,0,0,0,0,0,0,0,0,0,0,0,0,0,0,0,0,0,0,0,0.16114185474537038,0,0,0,0,0,0,0,0,0,0,0,0,0,0,0,0,0,0,0,0,0.10204626012731481,0,0,0,0,0,0,0,0,0,0,0,0,0,0,0,0,0,0,0,0,0.09902162905092593,109.37039999999999,221.42299999999994
15,0.1188649013324338,0,0,0,0,0,0,0,0,0,0,0.047179822342160005,0,0,0,0,0,0,0,0,0,0,0,0,0,0,0,0,0,0,0,0,0,0,0,0,0,0.14463161297576882,0,0,0,0,0.22337592061618036,0,0,0,0,0,0,0,0,0,0,0,0,0,0,0,0,0,0,0,0,0.465947742733457,140.1552,177.978
150,0.21250116441546343,0.2084163949697252,0,0,0,0,0,0,0,0,0,0,0,0,0,0,0,0,0,0,0,0,0.3068327899394504,0,0,0,0,0,0,0,0,0,0,0,0,0,0,0,0,0,0,0,0.1634513274336283,0,0,0,0,0,0,0,0,0,0,0,0,0,0,0,0,0,0,0,0,0.10879832324173265,117.39260000000002,191.42900000000003
151,0.10154513888888889,0,0,0,0,0.15891927083333332,0,0,0,0,0,0,0,0,0,0,0,0,0,0,0,0,0.2662803819444444,0,0,0,0,0,0,0,0,0,0,0,0,0,0,0,0,0,0,0,0.26571180555555557,0,0,0,0,0.20754340277777777,0,0,0,0,0,0,0,0,0,0,0,0,0,0,0,0,118.0608,163.167
152,0,0.2562619832809265,0,0,0,0.31118567374798684,0,0,0,0,0,0,0,0,0,0,0,0,0,0,0,0,0,0,0,0,0.2123629112662014,0,0,0,0,0,0,0,0,0,0,0,0,0,0,0,0.145739703965028,0,0,0,0,0,0,0,0,0,0,0,0,0,0,0,0,0,0,0,0,0.07444972773985735,142.06119999999999,168.471
153,0.16717239583333332,0,0,0,0,0,0,0,0,0,0,0,0,0,0,0,0,0,0,0,0,0.10666458333333333,0,0,0,0,0,0,0,0,0,0,0,0,0,0,0,0,0,0,0,0,0.12024322916666667,0,0,0,0,0.25367135416666664,0,0,0,0,0,0,0,0,0,0,0,0,0,0,0,0.3522484375,146.575,194.82299999999998
154,0.19026995305164318,0,0,0,0,0,0,0,0,0,0,0,0,0,0,0,0,0,0,0,0,0.2093622848200313,0,0,0,0,0.2774569640062598,0,0,0,0,0,0,0,0,0,0,0,0,0,0,0,0.2310172143974961,0,0,0,0,0,0,0,0,0,0,0,0,0,0,0,0,0,0,0,0,0.09189358372456964,131.5102,186.694
155,0,0,0,0,0,0,0,0,0,0,0,0,0,0,0,0,0,0,0,0,0.12947174621158475,0,0,0,0,0,0,0,0,0,0,0,0,0,0,0,0,0,0,0,0,0,0.18120662795638012,0,0,0,0,0,0,0,0,0,0,0,0,0,0,0,0,0,0,0,0,0.16187508851437474,173.71859999999998,154.32
156,0,0.10797400611620796,0,0,0,0,0,0,0,0,0,0,0,0,0,0,0,0,0,0,0,0,0.21706422018348623,0,0,0,0.29026758409785935,0,0,0,0,0,0,0,0,0,0,0,0,0,0,0,0,0.22016819571865442,0,0,0,0,0,0,0,0,0,0,0,0,0,0,0,0,0,0,0,0.16452599388379205,151.1606,169.43099999999998
157,0,0.1240375,0,0,0,0.24331875,0,0,0,0,0,0,0,0,0,0,0,0,0,0,0,0,0.28801875,0,0,0,0.23176666666666668,0,0,0,0,0,0,0,0,0,0,0,0,0,0,0,0,0,0,0,0,0.11285833333333334,0,0,0,0,0,0,0,0,0,0,0,0,0,0,0,0,128.0416,148.161
158,0,0.14815486993345434,0.25391712038717484,0,0,0,0,0,0,0,0,0,0,0,0,0,0,0,0,0,0,0,0,0.2348684210526316,0,0,0,0,0,0,0,0,0,0,0,0,0,0,0,0,0,0,0,0.2089231699939504,0,0,0,0,0,0,0,0,0,0,0,0,0,0,0,0,0,0,0,0.15413641863278887,133.4784,185.003
159,0.18097432454427084,0,0,0,0,0,0,0,0,0,0,0,0,0,0,0,0,0.16109085083007812,0,0,0,0,0.3120320638020833,0,0,0,0,0,0,0,0,0,0,0,0,0,0,0,0,0,0,0,0.19663111368815103,0,0,0,0,0,0,0,0,0,0,0,0,0,0,0,0,0,0,0,0,0.14927164713541666,109.78620000000001,207.84799999999998
16,0.2753422222222222,0,0,0,0,0,0,0,0,0,0.22224355555555556,0,0,0,0,0,0,0,0,0,0.26166755555555554,0,0,0,0,0,0,0,0,0,0,0,0,0,0,0,0,0,0,0,0,0,0.10910933333333334,0,0,0,0,0.13163733333333333,0,0,0,0,0,0,0,0,0,0,0,0,0,0,0,0,113.21279999999999,172.106
160,0.18303996598639455,0,0,0,0,0.1624404761904762,0,0,0,0,0,0,0,0,0,0,0,0,0,0,0,0,0.20532738095238096,0,0,0,0,0,0,0,0,0,0,0,0,0,0,0,0,0,0,0,0.1816454081632653,0,0,0,0,0,0,0,0,0,0,0,0,0,0,0,0,0,0,0,0,0.267546768707483,123.06379999999999,199.91799999999998
161,0.21017587939698493,0.2562269681742044,0,0,0,0,0,0,0,0,0,0,0,0,0,0,0,0,0,0,0,0.25406197654941376,0.1713400335008375,0,0,0,0,0,0,0,0,0,0,0,0,0,0,0,0,0,0,0,0.10819514237855947,0,0,0,0,0,0,0,0,0,0,0,0,0,0,0,0,0,0,0,0,0,96.7028,154.064
162,0.23741065088757396,0.24282919132149902,0,0,0,0,0,0,0,0,0,0,0,0,0,0,0,0,0,0,0,0,0.21956134122287968,0,0,0,0,0,0,0,0,0,0,0,0,0,0,0,0,0,0,0,0.17931518737672583,0,0,0,0,0,0,0,0,0,0,0,0,0,0,0,0,0,0,0,0,0.12088362919132149,119.3614,194.74999999999997
163,0.09385438642756681,0,0,0,0,0.15165150316455697,0,0,0,0,0,0,0,0,0,0,0,0,0,0,0,0,0,0,0,0,0.21813741649085794,0,0,0,0,0,0,0,0,0,0,0,0,0,0,0,0,0.2897300237341772,0,0,0,0,0,0,0,0,0,0,0,0,0,0,0,0,0,0,0,0.24662667018284107,133.236,195.90499999999997
164,0.13374609886237793,0,0,0,0,0,0,0,0,0,0,0,0,0,0,0,0,0,0,0,0,0.1828786200879224,0,0,0,0,0.2644652505117621,0,0,0,0,0,0,0,0,0,0,0,0,0,0,0,0.31614483707506963,0,0,0,0,0,0,0,0,0,0,0,0,0,0,0,0,0,0,0,0,0.10276519346286789,131.78539999999998,159.423
165,0.13300557324840764,0,0,0,0,0.18005971337579618,0,0,0,0,0,0,0,0,0,0,0,0,0,0,0,0,0,0,0,0,0.2631170382165605,0,0,0,0,0,0,0,0,0,0,0,0,0,0,0,0.18736066878980892,0,0,0,0,0,0,0,0,0,0,0,0,0,0,0,0,0,0,0,0,0.23645700636942676,135.6412,197.64999999999998
166,0.1616813234118443,0,0,0,0,0,0,0,0,0,0,0,0,0,0,0,0,0.18466576471311727,0,0,0,0,0,0,0,0,0,0,0,0,0,0,0,0,0,0,0,0,0.18386323104360125,0,0,0,0,0.3301749584896378,0,0,0,0,0,0,0,0,0,0,0,0,0,0,0,0,0,0,0,0.1396147223417994,118.9538,203.65200000000002
167,0.2547931738081988,0,0,0,0,0,0,0,0,0,0,0,0,0,0,0,0,0,0,0,0,0.13134112409571508,0,0,0,0,0,0,0,0,0,0,0,0,0,0,0,0,0,0,0,0,0.2931923576330922,0,0,0,0,0,0,0,0,0,0,0,0,0,0,0,0,0,0,0,0,0.15487850120571323,136.3032,215.185
168,0.11350566477522402,0,0,0,0,0,0,0,0,0,0,0,0,0,0,0,0,0,0,0,0,0.1285920476039121,0,0,0,0,0,0,0,0,0,0,0,0,0,0,0,0,0,0,0,0,0.30960693077389356,0,0,0,0,0,0,0,0,0,0,0,0,0,0,0,0,0,0,0,0,0.265891852554316,131.9048,188.918
169,0,0,0,0,0,0,0,0,0,0,0,0,0,0,0,0,0,0,0.10056647940074906,0,0,0,0,0,0,0,0,0,0,0,0,0,0,0,0,0,0,0,0.13557116104868913,0,0,0,0,0.23524344569288388,0,0,0,0,0,0,0,0,0,0,0,0,0,0,0,0,0,0,0,0.370561797752809,141.0186,165.68199999999996
17,0.16829229122055675,0,0,0,0,0,0,0,0,0,0,0,0,0,0,0,0,0,0,0,0,0.21875802997858673,0.197122591006424,0,0,0,0.22960117773019273,0,0,0,0,0,0,0,0,0,0,0,0,0,0,0,0,0,0,0,0,0,0,0,0,0,0,0,0,0,0,0,0,0,0,0,0,0.18622591006423983,118.23679999999999,189.194
170,0.13039166666666666,0,0,0,0,0.32085,0,0,0,0,0,0,0,0,0,0,0,0,0,0,0,0,0,0,0,0.20783333333333334,0.17775,0,0,0,0,0,0,0,0,0,0,0,0,0,0,0,0,0,0,0,0,0.163175,0,0,0,0,0,0,0,0,0,0,0,0,0,0,0,0,121.39999999999998,160.15399999999997
171,0.11229253731343283,0.157444776119403,0,0,0,0,0,0,0,0,0,0,0,0,0,0,0,0,0,0,0,0,0.12884776119402985,0,0,0,0,0,0,0,0,0,0,0,0,0,0,0,0,0,0,0,0.32576119402985076,0,0,0,0,0,0,0,0,0,0,0,0,0,0,0,0,0,0,0,0,0.2756537313432836,125.81460000000001,202.237
172,0.12147916666666667,0,0,0,0,0.183553125,0,0,0,0,0,0,0,0,0,0,0,0,0,0,0,0,0,0,0,0,0.20595,0,0,0,0,0,0,0,0,0,0,0,0,0,0,0,0,0.24245833333333333,0,0,0,0,0,0,0,0,0,0,0,0,0,0,0,0,0,0,0,0.246559375,133.8718,187.565
173,0.20492000984494216,0,0,0,0,0,0,0,0,0,0,0,0,0,0,0,0.31755107063746,0,0,0,0,0.2280531626876692,0,0,0,0,0,0,0,0,0,0,0,0,0,0,0,0,0,0,0,0,0.10354171794240709,0,0,0,0,0,0,0,0,0,0,0,0,0,0,0,0,0,0,0,0,0,70.7198,157.964
174,0.2676751117734724,0.2792548435171386,0,0,0,0,0,0,0,0,0,0,0,0,0,0,0,0,0,0,0,0.215424739195231,0.1653999006458023,0,0,0,0,0,0,0,0,0,0,0,0,0,0,0,0,0,0,0,0,0,0,0,0,0,0,0,0,0,0,0,0,0,0,0,0,0,0,0,0,0.07224540486835569,100.43159999999999,195.41199999999998
175,0.09080534672702821,0,0,0,0,0,0,0,0,0,0,0,0,0,0,0,0,0,0,0,0,0.1341322979217489,0,0,0,0,0,0,0,0,0,0,0,0,0,0,0,0,0,0,0,0,0.21060128932882968,0,0,0,0,0,0,0,0,0,0,0,0,0,0,0,0,0,0,0,0,0.16757939556358292,148.8442,199.72199999999998
176,0.0860671875,0.31816875,0,0,0,0,0,0,0,0,0,0,0,0,0,0,0,0,0,0,0,0,0.2416078125,0,0,0,0.1534046875,0,0,0,0,0,0,0,0,0,0,0,0,0,0,0,0,0,0,0,0,0,0,0,0,0,0,0,0,0,0,0,0,0,0,0,0,0.2007515625,113.21340000000001,183.647
177,0.18329531630170318,0,0,0,0,0.2166970802919708,0,0,0,0,0,0,0,0,0,0,0,0,0,0,0,0,0.1957763077858881,0,0,0,0,0,0,0,0,0,0,0,0,0,0,0,0,0,0,0,0,0.1828619221411192,0,0,0,0,0,0,0,0,0,0,0,0,0,0,0,0,0,0,0,0.22136937347931873,128.3956,196.974
178,0.19570041152263373,0,0,0,0,0,0,0,0,0,0,0,0,0,0,0,0,0,0,0,0,0.14262057613168724,0,0,0,0,0,0,0,0,0,0,0,0,0,0,0,0,0,0,0,0,0.25937942386831275,0,0,0,0,0,0,0,0,0,0,0,0,0,0,0,0,0,0,0,0,0.15659917695473252,137.2368,184.06900000000002
179,0.19088257575757575,0,0,0,0,0,0,0,0,0,0,0,0,0,0,0,0,0,0,0,0,0,0,0,0,0,0.348,0,0,0,0,0,0,0,0,0,0.06353219696969697,0,0,0,0,0,0,0,0,0,0,0,0,0,0,0,0,0,0,0,0,0.09823863636363636,0,0,0,0,0,0.2993465909090909,137.23359999999997,182.449
18,0.19746484375,0,0,0,0,0.10437109375,0,0,0,0,0,0,0,0,0,0,0,0,0,0,0,0,0,0,0,0,0.07183203125,0,0,0,0,0,0,0,0,0,0,0,0,0,0,0,0,0,0,0,0,0,0,0,0,0,0,0,0,0,0,0,0,0,0,0,0,0.23866015625,135.149,227.626
180,0,0.16249911516953353,0.2059221703121682,0,0,0,0,0,0,0,0,0,0,0,0,0,0,0,0,0,0,0.07456908756282296,0,0,0,0,0,0,0,0,0,0,0,0,0,0,0,0,0,0,0,0,0.13372442839951865,0,0,0,0,0,0,0,0,0,0,0,0,0,0,0,0,0,0,0,0,0.4232851985559567,116.19379999999998,160.065
181,0.12931382978723405,0.31968882978723406,0,0,0,0,0.32659574468085106,0,0,0,0,0,0,0,0,0,0,0,0,0,0,0,0,0,0,0,0.1786994680851064,0,0,0,0,0,0,0,0,0,0,0,0,0,0,0,0,0,0,0,0,0,0,0,0,0,0,0,0,0,0,0,0,0,0,0,0,0.04570212765957447,109.55519999999999,201.181
182,0.25578703703703703,0.3175432098765432,0,0,0,0,0.19269444444444445,0,0,0,0,0,0,0,0,0,0,0,0,0,0,0,0,0,0,0,0.14219753086419754,0,0,0,0,0,0,0,0,0,0,0,0,0,0,0,0,0,0,0,0,0,0,0,0,0,0,0,0,0,0,0,0,0,0,0,0,0.09177777777777778,104.50019999999999,179.548
183,0.1896780185758514,0.2798885448916409,0,0,0,0,0,0,0,0,0,0,0,0,0,0,0,0,0,0,0,0,0.18553250773993807,0,0,0,0,0,0,0,0,0,0,0,0,0,0,0,0,0,0,0,0.16607120743034057,0,0,0,0,0,0,0,0,0,0,0,0,0,0,0,0,0,0,0,0,0.1788297213622291,115.63999999999999,172.313
184,0.2674426020408163,0.25531462585034015,0,0,0,0,0,0,0,0,0,0,0,0,0,0,0,0,0,0,0,0.21643990929705215,0,0,0,0,0,0,0,0,0,0,0,0,0,0,0,0,0,0,0,0,0.17792304421768707,0,0,0,0,0,0,0,0,0,0,0,0,0,0,0,0,0,0,0,0,0.08287981859410432,118.50300000000001,206.536
185,0.2576118153551782,0,0,0,0,0,0,0,0,0,0,0,0,0,0,0,0,0,0,0,0,0.18405086502431636,0,0,0,0,0,0,0,0,0,0,0,0,0,0,0,0,0,0,0,0,0.2585645379893167,0,0,0,0,0,0,0,0,0,0,0,0,0,0,0,0,0,0,0,0,0.14085944351431076,105.8444,215.914
186,0.15352479460093896,0,0,0,0,0.23432365023474178,0,0,0,0,0,0,0,0,0,0,0,0,0,0,0,0,0.24741417253521128,0,0,0,0,0,0,0,0,0,0,0,0,0,0,0,0,0,0,0,0.23796214788732395,0,0,0,0,0,0,0,0,0,0,0,0,0,0,0,0,0,0,0,0,0.12677523474178404,124.15679999999998,215.868
187,0,0,0,0,0,0,0,0,0,0,0,0,0,0,0,0,0,0,0,0,0.05801244444444444,0,0,0,0,0,0,0,0,0,0,0,0,0,0,0,0.1023277037037037,0,0,0,0,0.20484266666666667,0.38757096296296295,0,0,0,0,0,0,0,0,0,0,0,0,0,0,0,0,0,0,0,0,0.24724622222222223,134.1136,151.90400000000002
188,0.3372675,0.2047575,0,0,0,0,0,0,0,0,0,0,0,0,0,0,0,0,0,0,0,0,0.1803,0,0,0,0,0,0,0,0,0,0,0,0,0,0,0,0,0,0,0,0.12348,0,0,0,0,0,0,0,0,0,0,0,0,0,0,0,0,0,0,0,0,0.154195,122.00139999999999,212.11599999999999
189,0.301898029134533,0,0,0,0,0,0,0,0,0,0,0,0,0,0,0,0,0,0,0,0,0.15691088260497002,0,0,0,0,0,0,0,0,0,0,0,0,0,0,0,0,0,0,0,0,0.1936975149957155,0,0,0,0,0,0,0,0,0,0,0,0,0,0,0,0,0,0,0,0,0.08802056555269923,102.82339999999999,183.57799999999997
19,0,0.08707942097026604,0,0,0,0,0,0,0,0,0,0,0,0,0,0,0,0,0,0,0,0.135556859676578,0,0,0,0,0,0,0,0,0,0,0,0,0,0,0,0,0,0,0,0,0.17314488784559207,0,0,0,0,0,0,0,0,0,0,0,0,0,0,0,0,0,0,0,0,0.4274158841940532,157.08100000000002,178.954
190,0.14165752923976607,0,0,0,0,0,0.18482456140350878,0,0,0,0,0,0,0,0,0,0,0,0,0,0,0,0,0,0,0,0.19805921052631578,0.08656067251461988,0,0,0,0,0,0,0,0,0,0,0,0,0,0,0,0,0,0,0,0,0,0,0,0,0,0,0,0,0,0,0,0,0,0,0,0.38889802631578946,137.79319999999998,180.22299999999998
191,0.28342984409799554,0,0,0,0,0,0.2617743132887899,0,0,0,0,0,0,0,0,0,0,0,0,0,0,0,0,0,0,0,0,0.29759836674090573,0,0,0,0,0,0,0,0,0,0.0838195991091314,0,0,0,0,0,0,0,0,0,0,0,0,0,0,0,0,0,0,0,0,0,0,0,0,0,0.07337787676317743,132.4758,187.502
192,0.1495875,0.2008375,0,0,0,0,0.2037625,0,0,0,0,0,0,0,0,0,0,0,0,0,0,0,0,0,0,0,0.28440625,0,0,0,0,0,0,0,0,0,0,0,0,0,0,0,0.16140625,0,0,0,0,0,0,0,0,0,0,0,0,0,0,0,0,0,0,0,0,0,104.0886,141.227
193,0,0.18561676646706587,0,0,0,0,0,0,0,0,0,0,0,0,0,0,0,0,0,0,0.09868263473053893,0,0.3142874251497006,0,0,0,0,0.24693413173652695,0,0,0,0,0,0,0,0,0,0,0,0,0,0,0,0,0,0,0,0,0,0,0,0,0,0,0,0,0,0,0,0,0,0,0,0.15447904191616765,128.3668,164.768
194,0.3751327160493827,0.2845895061728395,0,0,0,0,0,0,0,0,0,0,0,0,0,0,0,0,0,0,0,0,0.17889814814814814,0,0,0,0,0,0,0,0,0,0,0,0,0,0,0,0,0,0,0,0.1035462962962963,0,0,0,0,0,0,0,0,0,0,0,0,0,0,0,0,0,0,0,0,0.057833333333333334,117.1162,191.05299999999997
195,0,0.19469590643274853,0,0,0,0.22862573099415204,0,0,0,0,0,0,0,0,0,0,0,0,0,0,0,0,0.11412280701754386,0,0,0,0.2680701754385965,0,0,0,0,0,0,0,0,0,0,0,0,0,0,0,0.19448538011695907,0,0,0,0,0,0,0,0,0,0,0,0,0,0,0,0,0,0,0,0,0,111.32939999999999,141.18599999999998
196,0.1131576960821318,0,0,0,0,0,0,0,0,0,0,0,0,0,0,0,0,0,0,0,0.1868451672857615,0.1423718577791198,0,0,0,0,0,0,0,0,0,0,0,0,0,0,0,0,0,0,0,0,0.12832833979326483,0,0,0,0,0,0,0,0,0,0,0,0,0,0,0,0,0,0,0,0,0.42929693905972205,108.4698,172.54399999999998
197,0.11726507499234771,0,0,0,0,0.13138047138047138,0,0,0,0,0,0,0,0,0,0,0,0,0,0,0,0,0,0,0,0,0.22681971227425773,0,0,0,0,0,0,0,0,0,0,0,0,0,0,0,0,0,0,0,0.22859351086623814,0,0,0,0,0,0,0,0,0,0,0,0,0,0,0,0,0.295941230486685,133.097,210.07100000000003
198,0.12157000828500414,0,0,0,0,0,0,0,0,0,0,0,0,0,0,0,0,0,0,0,0,0.2452982601491301,0,0,0,0,0,0,0,0,0,0,0,0,0,0,0,0,0,0,0,0,0.25929784589892296,0,0,0,0,0,0,0,0,0,0,0,0,0,0,0,0,0,0,0,0,0.1344159072079536,141.4948,189.292
199,0.12791868258688802,0,0.12213280660482045,0,0,0,0,0,0,0,0,0,0,0,0,0,0,0,0,0,0,0.2358497935993608,0,0,0,0,0,0,0,0,0,0,0,0,0,0,0,0,0,0,0,0,0.2974543921168272,0,0,0,0,0,0,0,0,0,0,0,0,0,0,0,0,0,0,0,0,0.21664432509210352,117.87480000000001,202.537
2,0,0,0,0,0,0,0,0,0,0,0,0,0,0,0,0.04278439891581633,0.1059204931972789,0,0,0,0,0,0,0,0,0,0,0,0,0,0,0,0,0,0,0,0,0,0,0,0,0,0.21681016156462585,0,0,0,0,0,0,0,0,0,0,0,0,0,0,0,0,0,0,0,0,0.3780891262755102,159.3996,162.80599999999998
20,0.26977304964539006,0,0,0,0,0,0,0,0,0,0,0,0,0,0,0,0,0,0.2743758865248227,0,0,0.1403404255319149,0,0,0,0,0,0,0,0,0,0,0,0,0,0,0,0,0,0,0,0,0.1476950354609929,0,0,0,0,0,0,0,0,0,0,0,0,0,0,0,0,0,0,0,0,0.16781560283687944,129.65540000000001,201.19400000000002
200,0.2593260286840176,0,0,0,0,0,0,0,0,0,0,0,0,0,0,0,0,0,0,0,0,0.14918638883797655,0,0,0,0,0,0,0,0,0,0,0,0,0,0,0,0,0,0,0,0,0.16814773872800587,0,0,0,0,0.18317133660190615,0,0,0,0,0,0,0,0,0,0,0,0,0,0,0,0.24016850714809385,144.48340000000002,169.90699999999998
201,0.1906522770398482,0.21032020872865276,0,0,0,0,0.21635199240986716,0,0,0,0,0,0,0,0,0,0,0,0,0,0,0,0,0,0,0,0,0.20117172675521822,0,0,0,0,0,0,0,0,0,0,0,0,0,0,0,0,0,0,0,0.18150379506641368,0,0,0,0,0,0,0,0,0,0,0,0,0,0,0,0,110.8338,174.349
202,0.08251870324189527,0,0,0,0,0,0,0,0,0,0,0,0,0,0,0,0,0,0,0,0,0.09302161263507897,0,0,0,0,0,0,0,0,0,0,0,0,0,0,0,0,0,0,0,0,0.5386949293433084,0,0,0,0,0.20606400665004157,0,0,0,0,0,0,0,0,0,0,0,0,0,0,0,0.07970074812967581,153.682,186.17399999999998
203,0.21554280670785525,0,0,0,0,0,0,0,0,0,0,0,0,0,0,0,0,0,0,0,0,0.25493380406001764,0,0,0,0.2866019417475728,0,0,0,0,0,0,0,0,0,0,0,0,0,0,0,0,0,0,0,0,0,0,0,0,0,0,0,0,0,0,0,0,0,0,0,0,0,0.11485878199470433,139.2036,199.448
204,0.16215006510416666,0,0,0,0,0.20948282877604166,0,0,0,0,0,0,0,0,0,0,0,0,0,0,0,0,0,0,0,0,0.3063799540201823,0,0,0,0,0,0,0,0,0,0,0,0,0,0,0,0.16407140096028647,0,0,0,0,0,0,0,0,0,0,0,0,0,0,0,0,0,0,0,0,0.1579157511393229,129.8326,211.236
205,0.10897590361445783,0,0,0,0,0,0.2156686746987952,0,0,0,0,0,0,0,0,0,0,0,0,0,0,0,0.2268433734939759,0,0,0,0,0,0,0,0,0,0,0,0,0,0,0,0,0,0,0,0,0.1612289156626506,0,0,0,0,0,0,0,0,0,0,0,0,0,0,0,0,0,0,0,0.2872831325301205,132.32659999999998,189.825
206,0.17807603069784045,0,0,0,0,0,0.21463769409245048,0,0,0,0,0,0,0,0,0,0,0,0,0,0,0.21832946635730857,0,0,0,0,0,0,0,0,0,0,0,0,0,0,0,0,0,0,0,0,0.17364893806889167,0,0,0,0,0,0,0,0,0,0,0,0,0,0,0,0,0,0,0,0,0.21530787078350883,117.4432,192.369
207,0.16783734939759037,0,0,0,0,0,0,0,0,0,0,0,0,0,0,0,0,0,0,0,0,0.2325843373493976,0,0,0,0.2634277108433735,0,0,0,0,0,0,0,0,0,0,0,0,0,0,0,0,0.18175301204819277,0,0,0,0,0,0,0,0,0,0,0,0,0,0,0,0,0,0,0,0,0.1543975903614458,125.83220000000001,176.06
208,0.2011130074805723,0,0,0,0,0,0,0,0,0,0,0,0,0,0,0,0,0,0,0,0,0.18320139443677827,0,0,0,0,0.24034969859830052,0,0,0,0,0,0,0,0,0,0,0,0,0,0,0,0,0,0,0,0,0.22438993390950687,0,0,0,0,0,0,0,0,0,0,0,0,0,0,0,0.15094596557484202,145.9038,194.91099999999994
209,0.25432916666666666,0,0,0,0,0.21928333333333333,0,0,0,0,0,0,0,0,0,0,0,0,0,0,0,0.16297916666666667,0,0,0,0,0,0,0,0,0,0,0,0,0,0,0,0,0,0,0,0,0.15174583333333333,0,0,0,0,0,0,0,0,0,0,0,0,0,0,0,0,0,0,0,0,0.2116625,127.23959999999997,205.596
21,0.09413439635535308,0,0,0,0,0,0.1311921032649962,0,0,0,0,0,0,0,0,0,0,0,0,0,0,0,0,0,0,0,0,0,0,0,0,0,0,0,0,0,0,0,0,0,0,0,0.16152239939255886,0,0,0,0,0,0,0,0,0,0,0,0,0,0,0,0,0,0,0,0,0.42080485952923313,143.6472,169.80499999999998
210,0.3468738308044066,0,0,0,0,0,0,0,0,0,0,0,0,0,0,0,0,0,0,0,0,0.2907753065890667,0,0,0,0,0,0,0,0,0,0,0,0,0,0,0,0,0,0,0,0,0.10933277904801497,0,0,0,0,0,0,0,0,0,0,0,0,0,0,0,0,0,0,0,0,0.09356059031386406,126.1944,181.772
211,0.3355843373493976,0,0,0,0,0,0,0,0,0,0,0,0,0,0,0,0,0,0,0,0,0.15968072289156626,0,0,0,0,0.1624578313253012,0,0,0,0,0,0,0,0,0,0,0,0,0,0,0,0,0.1986867469879518,0,0,0,0,0,0,0,0,0,0,0,0,0,0,0,0,0,0,0,0.14359036144578313,144.3438,176.83199999999997
212,0.16809339428997946,0.23742769173353237,0,0,0,0,0,0,0,0,0,0,0,0,0,0,0,0,0,0,0,0,0.24459437395036387,0,0,0,0.24819812465012128,0,0,0,0,0,0,0,0,0,0,0,0,0,0,0,0,0,0,0,0,0.10168641537600298,0,0,0,0,0,0,0,0,0,0,0,0,0,0,0,0,114.4224,178.403
213,0.15294443884239184,0,0.15180498134516487,0,0,0,0,0,0,0,0,0,0,0,0,0,0,0,0,0,0,0,0.3257083795502672,0,0,0,0,0,0,0,0,0,0,0,0,0,0,0,0,0,0,0,0.2422002621760613,0,0,0,0,0,0,0,0,0,0,0,0,0,0,0,0,0,0,0,0,0.12734193808611474,117.9766,193.785
214,0,0,0,0,0,0,0,0,0,0,0,0,0,0,0,0.25479269907723856,0.15501043980690363,0,0,0,0,0,0.16477539730006835,0,0,0,0,0,0,0,0,0,0,0,0,0,0,0,0,0,0,0,0.1394224864362611,0,0,0,0,0,0,0,0,0,0,0,0,0,0,0,0,0,0,0,0,0.28599897737952834,152.04879999999997,158.18699999999998
215,0.0662780269058296,0,0,0,0,0,0,0,0,0,0,0,0,0,0,0,0,0,0,0,0,0.11487064505001725,0,0,0,0,0.1922456019317006,0,0,0,0,0,0,0,0,0,0,0,0,0,0,0,0.3352880303552949,0,0,0,0,0,0,0,0,0,0,0,0,0,0,0,0,0,0,0,0,0.29131769575715766,132.2014,161.637
216,0.14200568181818182,0,0,0,0,0,0,0.08282386363636364,0,0,0,0,0,0,0,0,0,0,0,0,0,0.1038409090909091,0,0,0,0,0,0,0,0,0,0,0,0,0,0,0,0,0,0,0,0,0.2966761363636364,0,0,0,0,0,0,0,0,0,0,0,0,0,0,0,0,0,0,0,0,0.3746534090909091,136.4802,210.89999999999998
217,0,0,0,0,0,0.17207708333333332,0,0,0,0,0.10202291666666667,0,0,0,0,0,0,0,0,0,0,0,0,0,0,0,0.24353125,0,0,0,0,0.14091041666666668,0,0,0,0,0,0,0,0,0,0,0,0,0,0,0,0,0,0,0,0,0,0,0,0,0,0,0,0,0,0,0,0.3414583333333333,147.521,138.84300000000002
218,0,0,0,0,0,0.05094664869029276,0,0,0,0,0.11442892912172573,0,0,0,0,0.13522727272727272,0,0,0,0,0,0,0,0,0,0,0,0,0,0,0,0,0,0,0,0,0,0,0,0,0,0,0,0.3218865562403698,0,0,0,0,0,0,0,0,0,0,0,0,0,0,0,0,0,0,0,0.377510593220339,168.83639999999997,146.302
219,0.16428391959798996,0,0,0,0,0,0,0,0,0,0,0,0,0,0,0,0,0,0,0,0,0.07367671691792295,0,0,0,0,0,0,0,0,0,0,0,0,0,0,0,0,0,0,0,0,0.14003768844221107,0,0,0,0,0,0,0,0,0,0,0,0,0,0,0,0,0,0,0,0,0.5315954773869347,115.30080000000001,215.77200000000002
22,0.17144498707268027,0,0.09729552263306931,0,0,0,0,0,0,0,0,0,0,0,0,0,0,0,0,0,0.11979316288422867,0,0,0,0,0,0,0,0,0,0,0,0,0,0,0,0,0,0,0,0,0,0.23388599335166413,0,0,0,0,0,0,0,0,0,0,0,0,0,0,0,0,0,0,0,0,0.3775803340583576,128.41639999999998,183.67199999999997
220,0.0475743006993007,0,0,0,0,0,0,0,0,0,0,0,0,0,0,0,0,0,0,0,0,0,0,0,0,0,0.06629698426573427,0,0,0,0,0,0,0,0,0,0,0,0,0,0,0,0.22002385635198135,0,0,0,0,0,0,0,0,0,0,0,0,0,0,0,0,0,0,0,0,0.4268629807692308,156.738,179.78
221,0.14871794871794872,0,0,0,0,0,0,0,0,0,0,0,0,0,0,0,0,0,0,0,0,0.17778731684981686,0,0,0,0,0,0,0,0,0,0,0,0,0,0,0,0,0,0,0,0,0.1343349358974359,0,0,0,0,0,0,0,0,0,0,0,0,0,0,0.12429029304029304,0,0,0,0,0,0.4148695054945055,130.1738,198.94600000000003
222,0.1439175257731959,0,0,0,0,0,0,0,0,0,0,0,0,0,0,0,0,0,0,0,0,0.06973490427098675,0,0,0,0,0,0,0,0,0,0,0,0,0,0,0,0,0,0,0,0,0.22591458026509573,0,0,0,0,0,0,0,0,0,0,0,0,0,0,0,0,0,0,0,0,0.22559646539027983,143.2258,181.63
223,0.1346053475935829,0,0,0,0,0,0.06888983957219251,0,0,0,0,0,0,0,0,0,0,0,0,0,0,0.2119486631016043,0,0,0,0,0,0,0,0,0,0,0,0,0,0,0,0,0,0,0,0,0.3343572192513369,0,0,0,0,0,0,0,0,0,0,0,0,0,0,0,0,0,0,0,0,0.25019893048128344,126.22919999999999,188.23099999999997
224,0.19073614557485524,0.21719602977667493,0,0,0,0,0,0,0,0,0,0,0,0,0,0,0,0,0,0,0,0,0.22516542597187758,0,0,0,0,0,0,0,0,0,0,0,0,0,0,0,0,0,0,0,0.16160876757650952,0,0,0,0,0,0,0,0,0,0,0,0,0,0,0,0,0,0,0,0,0.20529363110008272,122.64899999999997,217.03199999999998
225,0.14620752984389349,0,0,0,0,0,0.15954239363330272,0,0,0,0,0,0,0,0,0,0,0,0,0,0,0,0,0,0,0,0.1935154576063667,0,0,0,0,0,0,0,0,0,0,0,0,0,0,0,0,0.30678451178451177,0,0,0,0,0,0,0,0,0,0,0,0,0,0,0,0,0,0,0,0.19395010713192531,141.07580000000002,181.59199999999998
226,0.07291291291291291,0,0.14925675675675676,0,0,0,0,0,0,0,0,0,0,0,0,0,0,0,0,0,0,0,0.25157657657657656,0,0,0,0,0,0,0,0,0,0,0,0,0,0,0,0,0,0,0,0.3627852852852853,0,0,0,0,0,0,0,0,0,0,0,0,0,0,0,0,0,0,0,0,0.16346846846846846,120.4538,196.826
227,0,0,0,0,0,0,0,0,0,0,0,0,0,0,0,0,0,0,0,0,0.16631851851851853,0,0,0,0,0,0,0.12215555555555556,0,0,0,0,0,0,0,0,0,0,0,0,0,0.18918518518518518,0,0,0,0,0.16786296296296296,0,0,0,0,0,0,0,0,0,0,0,0,0,0,0,0,0.3544777777777778,160.293,166.58999999999997
228,0.2388966921119593,0,0,0,0,0.24792264631043257,0,0,0,0,0,0,0,0,0,0,0,0,0,0,0,0,0,0,0,0,0.15559898218829515,0,0,0,0,0,0,0,0,0,0,0,0,0,0,0,0,0,0,0,0,0.08215368956743002,0,0,0,0,0,0,0,0,0,0,0,0,0,0,0,0,99.0966,199.25099999999998
229,0.14345528095195914,0,0.051406974340803734,0,0,0,0,0,0,0,0,0,0,0,0,0,0,0,0,0,0,0.15324652316414208,0,0,0,0,0,0,0,0,0,0,0,0,0,0,0,0,0,0,0,0,0.36252399090560133,0,0,0,0,0,0,0,0,0,0,0,0,0,0,0,0,0,0,0,0,0.2893672306374937,120.6134,192.536
23,0.24377083333333333,0,0,0,0,0,0,0,0,0,0,0,0,0,0,0,0.14263333333333333,0,0,0,0,0.14777916666666666,0,0,0,0,0,0,0,0,0,0,0,0,0,0,0,0,0,0,0,0,0.25632916666666666,0,0,0,0,0,0,0,0,0,0,0,0,0,0,0,0,0,0,0,0,0.2094875,110.40639999999999,173.402
230,0.4822942148760331,0.18852231404958678,0,0,0,0,0,0,0,0,0,0,0,0,0,0,0,0,0,0.06671074380165289,0,0,0,0,0,0,0.062360330578512396,0,0,0,0,0,0,0,0,0,0,0,0,0,0,0,0,0,0,0,0,0,0,0,0,0,0,0,0,0,0,0,0,0,0,0,0,0.20011239669421488,104.1532,225.98899999999998
231,0.10132395833333334,0,0,0,0,0,0,0,0,0,0,0,0,0,0,0,0,0,0,0,0,0.19060104166666667,0,0,0,0,0,0,0,0,0,0,0,0,0,0,0,0,0,0,0,0,0.157184375,0,0,0,0,0,0,0,0,0,0,0,0,0,0,0,0,0,0,0,0,0.27669166666666667,148.47600000000003,184.006
232,0.21282762096774194,0,0,0,0,0.22146776484604105,0,0,0,0,0,0,0,0,0,0,0,0,0,0,0,0,0.22474827025293256,0,0,0,0,0,0,0,0,0,0,0,0,0,0,0,0,0,0,0,0,0.23896713480571846,0,0,0,0,0,0,0,0,0,0,0,0,0,0,0,0,0,0,0,0.10198920912756598,135.4326,192.924
233,0.2085228373300275,0,0.08770387014295122,0,0,0,0,0,0,0,0,0,0,0,0,0,0,0,0,0,0,0.25376748150156897,0,0,0,0,0,0,0,0,0,0,0,0,0,0,0,0,0,0,0,0,0.24288536783791112,0,0,0,0,0,0,0,0,0,0,0,0,0,0,0,0,0,0,0,0,0.20712044318754116,125.12819999999996,188.85999999999999
234,0.3132881974777681,0,0,0,0,0,0,0,0,0,0,0,0,0,0,0,0,0,0,0,0,0.23110566046188652,0.15840109311650202,0,0,0,0,0,0,0,0,0,0,0,0,0,0,0,0,0,0,0,0.06970577694151378,0,0,0,0,0,0,0,0,0,0,0,0,0,0,0,0,0,0,0,0,0,92.57659999999998,171.27299999999997
235,0.2537185185185185,0,0,0,0,0,0,0,0,0,0,0,0,0,0,0,0,0,0,0,0,0.13437407407407406,0,0,0,0,0,0,0,0,0,0,0,0,0,0,0,0,0,0,0,0,0.19098148148148147,0,0,0,0,0,0,0,0,0,0,0,0,0,0,0,0,0,0,0,0,0.1068888888888889,99.2258,188.07
236,0.08736409505208333,0,0.11208414713541667,0,0,0,0,0,0,0,0,0,0,0,0,0,0,0,0,0,0,0,0,0,0,0,0,0,0,0,0,0,0,0,0,0,0,0,0,0,0,0,0.20696207682291667,0,0,0,0,0,0,0,0,0,0,0,0,0,0,0,0,0,0,0,0,0.34391845703125,139.4178,167.217
237,0,0.18476666666666666,0,0,0,0,0,0,0,0,0,0,0,0,0,0,0,0,0,0,0,0.2882851851851852,0,0,0,0,0,0.09422037037037037,0,0,0,0,0,0,0,0,0,0,0,0,0,0,0.26495,0,0,0,0,0,0,0,0,0,0,0,0,0,0,0,0,0,0,0,0,0.16777777777777778,144.5338,160.23600000000002
238,0.3139381511859898,0.2569441365550876,0,0,0,0,0,0,0,0,0,0,0,0,0,0,0,0,0,0,0,0,0.19807692307692307,0,0,0,0,0,0,0,0,0,0,0,0,0,0,0,0,0,0,0,0.14339392595876746,0,0,0,0,0,0,0,0,0,0,0,0,0,0,0,0,0,0,0,0,0.0876468632232321,119.9048,193.45499999999998
239,0.24738323774726345,0,0,0,0,0,0,0,0,0,0,0,0,0,0,0,0,0,0,0,0.14540812506551265,0.1321801859810425,0,0,0,0,0,0,0,0,0,0,0,0,0,0,0,0,0,0,0,0,0.15036088108893247,0,0,0,0,0,0,0,0,0,0,0,0,0,0,0,0,0,0,0,0,0.3246675701172489,116.45540000000001,198.073
24,0.13068181818181818,0,0,0,0,0,0,0,0,0,0,0,0,0,0,0,0,0,0,0,0,0.14384469696969698,0,0,0,0,0.2132518365472911,0,0,0,0,0,0,0,0,0,0,0,0,0,0,0,0,0.24981347566574838,0,0,0,0,0,0,0,0,0,0,0,0,0,0,0,0,0,0,0,0.26240817263544536,130.9664,203.704
240,0,0,0,0,0,0.08992215568862276,0,0,0,0,0,0,0,0,0,0,0,0,0,0,0,0,0,0,0,0,0.23829341317365269,0,0,0,0,0,0,0,0,0,0,0,0,0,0,0,0,0,0,0,0,0.159874251497006,0,0,0,0,0,0,0,0,0,0,0,0,0,0,0,0.2094311377245509,167.5156,162.474
241,0.18049627791563275,0.18040153394992103,0,0,0,0,0,0,0,0,0,0,0,0,0,0,0,0,0,0,0,0,0.16426347845702685,0,0,0,0,0,0,0,0,0,0,0,0,0,0,0,0,0,0,0,0.18018948793142342,0,0,0,0,0,0,0,0,0,0,0,0,0,0,0,0,0,0,0,0,0.29464922174599595,116.72459999999998,210.097
242,0.2793996679665805,0,0,0,0,0.1544403840900153,0,0,0,0,0,0,0,0,0,0,0,0,0,0,0,0,0.15689479704232076,0,0,0,0,0,0,0,0,0,0,0,0,0,0,0,0,0,0,0,0,0.17893497879008943,0,0,0,0,0,0,0,0,0,0,0,0,0,0,0,0,0,0,0,0.23033017211099402,129.4236,210.456
243,0.2530211661341853,0.32502795527156547,0,0,0,0,0,0,0,0,0,0,0,0,0,0,0,0,0,0,0,0,0.22630391373801917,0,0,0,0.14274960063897763,0,0,0,0,0,0,0,0,0,0,0,0,0,0,0,0,0,0,0,0,0,0,0,0,0,0,0,0,0,0,0,0,0,0,0,0,0.0528973642172524,113.689,192.113
244,0.19861207194742303,0.2836994119681771,0,0,0,0.25879885852646145,0,0,0,0,0,0,0,0,0,0,0,0,0,0,0,0,0,0,0,0,0.17818661362850224,0,0,0,0,0,0,0,0,0,0,0,0,0,0,0,0,0,0,0,0,0.08070304392943618,0,0,0,0,0,0,0,0,0,0,0,0,0,0,0,0,103.1442,175.163
245,0,0,0,0,0,0,0,0,0,0,0,0,0,0,0,0,0,0,0,0,0,0.032864134962510415,0,0,0,0,0.12531819864852356,0,0,0,0,0,0,0,0,0,0,0,0,0,0,0,0.2382440062945478,0,0,0,0,0,0,0,0,0,0,0,0,0,0,0,0,0,0,0,0,0.24420878459687123,166.3456,157.26
246,0.03163611111111111,0,0,0,0,0,0,0,0,0,0,0,0,0,0,0,0,0,0,0,0,0,0.06522361111111111,0,0,0,0,0,0,0,0,0,0,0,0,0,0,0,0,0,0,0,0.16580833333333334,0,0,0,0,0,0,0,0,0,0,0,0,0,0,0,0,0,0,0,0,0.4406638888888889,162.2674,191.94999999999996
247,0,0,0,0,0,0.011406826568265683,0,0,0,0,0,0,0,0,0,0,0,0,0,0,0,0,0,0,0,0,0,0,0,0,0,0,0,0,0,0,0,0,0,0,0,0,0.028104243542435424,0,0,0,0,0,0,0,0,0,0,0,0,0,0,0,0,0,0,0,0,0.13043357933579336,173.9614,167.303
248,0,0,0,0,0,0,0,0,0,0,0,0,0,0,0,0,0,0,0,0,0,0.012860304437007449,0,0,0,0,0,0,0,0,0,0,0,0,0,0,0,0,0,0,0,0,0.3143824894742524,0,0,0,0,0,0,0,0,0,0,0,0,0,0,0,0,0,0,0,0,0.2906725682824139,170.78579999999997,162.96099999999998
25,0.10754301979557511,0,0,0,0,0.109570017682322,0,0,0,0,0,0,0,0,0,0,0,0,0,0,0,0,0,0,0,0,0.08944235994307155,0,0,0,0,0,0,0,0,0,0,0,0,0,0,0,0.18687626687367923,0,0,0,0,0,0,0,0,0,0,0,0,0,0,0,0,0,0,0,0,0.5065683357053521,131.9312,179.88299999999998
26,0,0.17197769953051642,0,0,0,0,0,0,0,0,0,0,0,0,0,0,0,0,0,0,0,0.10254181338028169,0,0,0,0,0,0,0,0,0,0,0,0,0,0,0,0,0,0,0,0,0.13288585680751175,0,0,0,0,0,0,0,0,0,0,0,0,0,0,0,0,0,0,0,0,0.35733201291079814,150.1344,190.207
27,0.22508716125737402,0,0,0,0,0,0,0,0,0,0,0,0,0,0,0,0,0,0,0,0,0.09402558338728552,0,0,0,0,0,0,0,0,0,0,0,0,0,0,0,0,0,0,0,0,0.39236037108377536,0,0,0,0,0,0,0,0,0,0,0,0,0,0,0,0,0,0,0,0,0.18089730855688302,132.1588,189.33100000000002
28,0.2010135479848081,0,0,0,0,0,0,0,0,0,0,0,0,0,0,0,0,0,0,0,0,0.31921999886627744,0,0,0,0,0,0,0,0,0,0,0,0,0,0,0,0,0,0,0,0,0.14254520718780114,0,0,0,0,0,0,0,0,0,0,0,0,0,0,0,0,0,0,0,0,0.08505413525310357,124.06040000000003,186.49200000000002
29,0,0.150338,0,0,0,0,0,0,0,0,0,0,0,0,0,0,0,0,0,0,0,0,0.16763,0,0,0,0,0.256236,0,0,0,0,0,0,0,0,0,0,0,0,0,0,0.203446,0,0,0,0,0,0,0,0,0,0,0,0,0,0,0,0,0,0,0,0,0.22235,152.87619999999998,165.93599999999998
3,0,0.058274074074074075,0,0,0,0,0,0,0,0,0,0.20857037037037038,0,0,0,0,0,0,0,0,0,0,0,0,0,0,0.06441851851851851,0,0,0,0,0,0,0,0,0,0,0,0,0,0,0,0,0.30117037037037037,0,0,0,0,0,0,0,0,0,0,0,0,0,0,0,0,0,0,0,0.36756666666666665,150.95239999999995,163.17799999999997
30,0.05518454154253558,0,0,0,0,0,0,0,0,0,0,0,0,0,0,0,0,0,0,0,0.06625082754054949,0,0,0,0,0,0,0,0,0,0,0,0,0,0,0,0,0,0,0,0,0,0.0772219463753724,0,0,0,0,0,0,0,0,0,0,0,0,0,0,0,0,0.622219463753724,0,0,0,0.17912322078781862,132.58419999999998,203.51
31,0.15085463947141625,0,0,0,0,0,0,0,0,0,0,0,0,0,0,0,0,0,0,0,0,0.18642272335535764,0,0,0,0,0,0,0,0,0,0,0,0,0,0,0,0,0,0,0,0,0.13365412237862684,0,0,0,0,0,0,0,0,0,0,0,0,0,0,0,0,0,0,0,0.34111964952599827,0,100.14759999999998,165.61899999999997
32,0.2500533049040512,0,0,0,0,0,0,0,0,0,0,0,0,0,0,0,0,0,0,0,0.14593816631130063,0,0,0,0,0,0,0,0,0,0,0,0,0,0,0,0,0.1630774697938877,0,0,0,0,0.24468727789623312,0,0,0,0,0,0,0,0,0,0,0,0,0,0,0,0,0,0,0,0,0.19624378109452736,120.89740000000002,180.69
33,0.20490637492110247,0,0,0,0,0,0,0,0,0,0,0,0,0,0,0,0.06023143277929729,0,0,0,0,0.26707342730906797,0,0,0,0,0,0,0,0,0,0,0,0,0,0,0,0,0,0,0,0,0.18479486640016832,0,0,0,0,0,0,0,0,0,0,0,0,0,0,0,0,0,0,0,0,0.282993898590364,109.77259999999998,195.451
34,0,0.07196763602251408,0,0,0,0,0,0,0,0,0,0,0,0,0,0,0,0,0,0,0,0,0.13447701688555347,0,0,0,0,0,0,0,0,0,0,0,0,0,0,0,0,0,0,0,0.1723311444652908,0,0,0,0,0,0,0,0,0,0,0,0,0,0,0,0,0,0,0,0,0.2734287054409006,162.75039999999998,190.529
35,0.2717574074074074,0,0,0,0,0,0,0,0,0,0,0,0,0,0,0,0,0,0,0,0,0.19556851851851853,0,0,0,0,0.1474851851851852,0,0,0,0,0,0,0,0,0,0,0,0,0,0,0,0,0,0,0,0,0,0,0,0,0,0,0,0,0,0,0,0,0,0,0,0,0.08329814814814815,102.89359999999999,212.80399999999997
36,0.13068181818181818,0,0,0,0,0,0,0,0,0,0,0,0,0,0,0,0,0,0,0,0,0.14384469696969698,0,0,0,0,0.2132518365472911,0,0,0,0,0,0,0,0,0,0,0,0,0,0,0,0,0.24981347566574838,0,0,0,0,0,0,0,0,0,0,0,0,0,0,0,0,0,0,0,0.26240817263544536,130.96640000000002,203.704
37,0.16625194182605457,0,0,0,0,0.1768344544962499,0,0,0,0,0,0,0,0,0,0,0,0,0,0,0,0,0.17906975109480328,0,0,0,0,0,0,0,0,0,0,0,0,0,0,0,0,0,0,0,0,0.16195707949361393,0,0,0,0,0,0,0,0,0,0,0,0,0,0,0,0,0,0,0,0.3158867730892783,128.348,202.08799999999997
38,0.1966327211008062,0,0,0,0,0.23248772504091653,0,0,0,0,0,0,0,0,0,0,0,0,0,0,0,0,0,0,0,0,0.2177335273079954,0,0,0,0,0,0,0,0,0,0,0,0,0,0,0,0.20943504879675093,0,0,0,0,0.14371097775353095,0,0,0,0,0,0,0,0,0,0,0,0,0,0,0,0,126.3318,172.273
39,0.3610015117157974,0,0,0,0,0,0,0,0,0,0,0,0,0,0,0,0,0,0,0,0,0.17445578231292516,0,0,0,0,0.11439909297052155,0,0,0,0,0,0,0,0,0,0,0,0,0,0,0,0,0,0,0,0,0,0,0,0,0,0,0,0,0,0,0,0,0,0,0,0,0.04657596371882086,93.66499999999999,201.583
4,0,0,0,0,0,0,0,0,0,0,0,0,0,0,0,0,0,0,0,0,0,0.1035243664717349,0,0,0,0,0.13309941520467836,0,0,0,0,0,0,0,0,0,0,0,0,0,0,0,0,0.19366081871345028,0,0,0,0,0,0,0,0,0,0,0,0,0,0,0.13487719298245615,0,0,0,0,0.4348382066276803,160.07,159.832
40,0.1784875,0,0.0843375,0,0,0,0,0,0,0,0,0,0,0,0,0,0,0,0,0,0.24433125,0,0,0,0,0,0,0,0,0,0,0,0,0,0,0,0,0,0,0,0,0,0.161325,0,0,0,0,0,0,0,0,0,0,0,0,0,0,0,0,0,0,0,0,0.33151875,110.95779999999999,206.45799999999997
41,0,0.20764275766016713,0,0,0,0.2796947539461467,0,0,0,0,0,0,0,0,0,0,0,0,0,0,0,0,0,0,0,0,0.19539229340761374,0,0,0,0,0,0,0,0,0,0,0,0,0,0,0,0.24713324048282265,0,0,0,0,0,0,0,0,0,0,0,0,0,0,0,0,0,0,0,0,0.07013695450324976,140.7972,178.827
42,0.092428125,0,0,0,0,0,0,0,0,0,0,0,0,0,0,0,0,0,0,0,0,0.2173375,0,0,0,0,0,0,0,0,0,0,0,0,0,0,0,0,0,0,0,0,0.259553125,0,0,0,0,0,0,0,0,0,0,0,0,0,0,0,0,0,0,0,0,0.178034375,142.7166,187.841
43,0.2026605175795986,0.20730534178361248,0,0,0,0,0,0,0,0,0,0,0,0,0,0,0,0,0,0,0,0.1433293722649766,0,0,0,0,0,0,0,0,0,0,0,0,0,0,0,0,0,0,0,0,0.0667958729440169,0,0,0,0,0,0,0,0,0,0,0,0,0,0,0,0,0,0,0,0,0,73.0606,146.23699999999997
44,0.14343831898601953,0.26065043228472035,0,0,0,0,0.24168213316421225,0,0,0,0,0,0,0,0,0,0,0,0,0,0,0,0,0,0,0,0.14715960492813907,0,0,0,0,0,0,0,0,0,0,0,0,0,0,0,0,0,0,0,0,0,0,0,0,0,0,0,0,0,0,0,0,0,0,0,0,0.20706951063690882,113.2722,177.582
45,0.309214987260623,0,0,0,0,0,0,0,0,0,0,0,0,0,0,0,0,0,0,0,0,0.2168776197912386,0,0,0,0,0,0,0,0,0,0,0,0,0,0,0,0,0,0,0,0,0.10749876715706419,0,0,0,0,0,0,0,0,0,0,0,0,0,0,0,0,0,0,0,0,0.1229837881153941,114.9518,221.04299999999998
46,0.14610380856083585,0,0,0,0,0.1831614425345467,0,0,0,0,0,0,0,0,0,0,0,0,0,0,0,0.3475643186158859,0,0,0,0,0,0,0,0,0,0,0,0,0,0,0,0,0,0,0,0,0.22816312773845634,0,0,0,0,0,0,0,0,0,0,0,0,0,0,0,0,0,0,0,0,0.09500730255027524,115.17959999999998,187.146
47,0.24257083333333335,0,0,0,0,0,0,0,0,0,0,0,0,0,0,0,0,0,0,0,0,0.10305833333333334,0,0,0,0,0,0,0,0,0,0,0,0,0,0,0,0,0,0,0,0,0.26936666666666664,0,0,0,0,0,0,0,0,0,0,0,0,0,0,0,0,0,0,0,0,0.24060416666666667,132.1092,193.39699999999996
48,0,0,0,0,0.148125,0,0,0,0,0,0,0,0,0,0,0,0,0,0,0,0,0.138779296875,0,0,0,0,0.15908203125,0,0,0,0,0,0,0,0,0,0,0,0,0,0,0,0,0,0,0,0,0.28138671875,0,0,0,0,0,0,0,0,0,0,0,0,0,0,0,0.272626953125,153.01839999999999,166.95600000000002
49,0,0.11225925925925925,0,0,0,0,0,0,0,0,0,0,0,0,0,0,0,0,0,0,0,0.1244962962962963,0,0,0,0,0,0,0,0,0,0,0,0,0,0,0,0,0,0,0,0,0.18495185185185184,0,0,0,0,0,0,0,0,0,0,0,0,0,0,0,0,0,0,0,0,0.30367037037037037,154.2652,197.34899999999996
5,0.29451986548760745,0.18534686760493213,0,0.08964379125669449,0,0,0,0,0,0,0,0,0,0,0,0,0,0,0,0,0,0,0,0,0,0,0,0,0,0,0,0,0,0,0,0,0,0,0,0,0,0,0.18912691493336656,0,0,0,0,0,0,0,0,0,0,0,0,0,0,0,0,0,0,0,0,0.24136256071739942,106.6126,199.29399999999998
50,0.19753086419753085,0,0,0,0,0,0,0,0,0,0,0,0,0,0,0,0,0,0,0,0,0.12939904885430178,0,0,0,0,0,0,0,0,0,0,0,0,0,0,0,0,0,0,0,0,0.0889729547965605,0,0,0,0,0,0,0,0,0,0,0,0,0,0,0,0,0,0,0,0,0.2401258586731998,117.6478,229.76100000000002
51,0.06307773919753086,0,0,0,0,0,0,0,0,0,0,0,0,0,0,0,0,0,0,0,0,0.21634403935185184,0,0,0,0,0,0,0,0,0,0,0,0,0,0,0,0,0,0,0,0,0.17481577932098766,0,0,0,0,0,0,0,0,0,0,0,0,0,0,0,0,0,0,0,0.19773485725308643,0.34802758487654323,141.8816,199.541
52,0.23743577629480894,0,0,0,0,0.299740152365204,0,0,0,0,0,0,0,0,0,0,0,0,0,0,0,0.1837536171971889,0,0,0,0,0,0,0,0,0,0,0,0,0,0,0,0,0,0,0,0,0,0.1079253528612768,0,0,0,0,0,0,0,0,0,0,0,0,0,0,0,0,0,0,0,0.1711451012815213,122.6636,211.25099999999998
53,0.10681681681681682,0,0,0,0,0,0,0,0,0,0,0,0,0,0,0,0,0,0,0,0.1471171171171171,0,0,0,0,0,0,0,0,0,0,0,0,0,0,0,0,0.15533933933933933,0,0,0,0,0.3292312312312312,0,0,0,0,0,0,0,0,0,0,0,0,0,0,0,0,0,0,0,0,0.2614954954954955,126.201,211.14799999999997
54,0,0.07868261199696279,0,0,0,0,0.15053546570488485,0,0,0,0,0,0,0,0,0,0,0,0,0,0,0,0,0,0,0,0.218251708428246,0,0,0,0,0,0,0,0,0,0,0,0,0,0,0,0,0.3312017527208302,0,0,0,0,0,0,0,0,0,0,0,0,0,0,0,0,0,0,0,0.22132846114907617,151.6732,160.57099999999997
55,0.059891156462585034,0,0,0,0,0.26519274376417235,0,0,0,0,0,0,0,0,0,0,0,0,0,0,0,0,0.3258367346938775,0,0,0,0,0,0,0,0,0,0,0,0,0,0,0,0,0,0,0,0.26303401360544215,0,0,0,0,0,0,0,0,0,0,0,0,0,0,0,0,0,0,0,0,0.08604535147392291,124.49479999999998,200.946
56,0.28390358327266846,0.21447059775135485,0,0,0,0,0.1280473994985036,0,0,0,0,0,0,0,0,0,0,0,0,0,0,0,0,0,0,0,0,0,0,0,0,0,0,0,0,0,0,0,0,0,0,0,0.07179891612068268,0,0,0,0,0,0,0,0,0,0,0,0,0,0,0,0,0,0,0,0,0,81.325,169.444
57,0,0.12383211678832116,0,0,0,0,0,0,0,0,0,0,0,0,0,0,0,0,0.2266514598540146,0,0,0,0,0,0,0,0,0,0,0,0,0,0,0,0,0,0,0,0.21389598540145985,0,0,0,0,0.2531751824817518,0,0,0,0,0,0,0,0,0,0,0,0,0,0,0,0,0,0,0,0.18244525547445256,120.57539999999999,168.667
58,0.30780555555555555,0,0,0,0,0,0,0,0,0,0,0,0,0,0,0,0,0,0,0,0,0.16472222222222221,0,0,0,0,0.24238333333333334,0,0,0,0,0,0,0,0,0,0,0,0,0,0,0,0,0.17956666666666668,0,0,0,0,0,0,0,0,0,0,0,0,0,0,0,0,0,0,0,0.10552222222222223,130.20099999999996,199.40599999999998
59,0.14649824112567955,0,0,0,0,0.2755516469459546,0,0,0,0,0,0,0,0,0,0,0,0,0,0,0,0.23113207547169812,0,0,0,0,0,0,0,0,0,0,0,0,0,0,0,0,0,0,0,0,0.18949472337703868,0,0,0,0,0,0,0,0,0,0,0,0,0,0,0,0,0,0,0,0,0.15732331307962905,120.0456,192.183
6,0.1698570019723866,0,0,0,0,0.21566568047337278,0,0,0,0,0.06287475345167653,0,0,0,0,0,0,0,0,0,0,0,0,0,0,0,0,0,0,0,0,0,0,0,0,0,0,0,0,0,0,0,0.1431311637080868,0,0,0,0,0,0,0,0,0,0,0,0,0,0,0,0,0,0,0,0,0.4084714003944773,122.3744,190.064
60,0.16157603686635943,0.21859907834101383,0,0,0,0,0,0,0,0,0,0,0,0,0,0,0,0,0,0,0,0,0.18325806451612903,0,0,0,0,0,0,0,0,0,0,0,0,0,0,0,0,0,0,0,0.2080552995391705,0,0,0,0,0,0,0,0,0,0,0,0,0,0,0,0,0,0,0,0,0.2285115207373272,119.3324,180.265
61,0.22953881746122046,0.33007168050972807,0,0,0,0,0,0,0,0,0,0,0,0,0,0,0,0,0,0,0,0,0.20468293700458906,0,0,0,0,0,0,0,0,0,0,0,0,0,0,0,0,0,0,0,0.17021750673189973,0,0,0,0,0,0,0,0,0,0,0,0,0,0,0,0,0,0,0,0,0.06548905829256267,112.71799999999999,201.488
62,0.07972962962962964,0,0,0,0,0,0,0,0,0,0,0,0,0,0,0,0,0,0,0,0,0.1736,0,0,0,0,0,0,0,0,0,0,0,0,0,0,0,0.1900148148148148,0,0,0,0,0.32192592592592595,0,0,0,0,0,0,0,0,0,0,0,0,0,0,0,0,0,0,0,0,0.23472962962962962,131.573,166.488
63,0.3139381511859898,0.25456107293283087,0,0,0,0,0,0,0,0,0,0,0,0,0,0,0,0,0,0,0,0,0.1964309465750388,0,0,0,0,0,0,0,0,0,0,0,0,0,0,0,0,0,0,0,0.14482930614054534,0,0,0,0,0,0,0,0,0,0,0,0,0,0,0,0,0,0,0,0,0.09024052316559521,119.1646,192.45499999999998
64,0.07492936722181552,0,0,0,0,0.24369166361639824,0,0,0,0,0,0,0,0,0,0,0,0,0,0,0,0,0.38831299185578333,0,0,0,0,0,0,0,0,0,0,0,0,0,0,0,0,0,0,0,0.2515141723096633,0,0,0,0,0,0,0,0,0,0,0,0,0,0,0,0,0,0,0,0,0.041551804996339675,126.92580000000001,204.20999999999998
65,0.14219403649310192,0,0,0,0,0.23885402759234534,0,0,0,0,0,0,0,0,0,0,0,0,0,0,0,0,0.27485536270583,0,0,0,0.23239652870493993,0,0,0,0,0,0,0,0,0,0,0,0,0,0,0,0,0,0,0,0,0.11170004450378282,0,0,0,0,0,0,0,0,0,0,0,0,0,0,0,0,117.49000000000001,178.476
66,0.11760883280757098,0,0,0,0,0,0,0,0,0,0,0,0,0,0,0,0,0,0,0,0,0.28465615141955836,0,0,0,0,0,0,0,0,0,0,0,0,0,0,0,0,0,0,0,0,0.12555205047318613,0,0,0,0,0,0,0,0,0,0,0,0,0,0,0,0,0,0,0,0,0.1705173501577287,111.41879999999999,188.499
67,0.23509954637096775,0.23890269886363635,0,0,0,0,0,0,0,0,0,0,0,0,0,0,0,0,0,0,0,0,0.16306016312316715,0,0,0,0,0,0,0,0,0,0,0,0,0,0,0,0,0,0,0,0.15988991477272727,0,0,0,0,0,0,0,0,0,0,0,0,0,0,0,0,0,0,0,0,0.20304767686950145,115.06219999999999,202.53199999999998
68,0.2702942942942943,0.311003003003003,0,0,0,0,0,0,0,0,0,0,0,0,0,0,0,0,0,0,0,0.17145945945945945,0,0,0,0,0,0,0,0,0,0,0,0,0,0,0,0,0,0,0,0.15759159159159158,0,0,0,0,0,0.08965165165165165,0,0,0,0,0,0,0,0,0,0,0,0,0,0,0,0,104.374,189.002
69,0.17090467402479884,0,0,0,0,0.23035570071451505,0,0,0,0,0,0,0,0,0,0,0,0,0,0,0,0,0,0,0,0.21797088099740206,0,0,0,0,0,0,0,0,0,0,0,0,0,0,0,0,0.23972580524842615,0,0,0,0,0,0,0,0,0,0,0,0,0,0,0,0,0,0,0,0,0.1410429390148579,127.87419999999997,178.037
7,0.19941843971631207,0,0,0,0,0,0,0,0,0,0,0,0,0,0,0,0,0,0,0,0,0.07350354609929079,0,0,0,0,0,0,0,0,0,0,0,0,0,0,0,0,0,0,0,0,0.06888888888888889,0,0,0,0,0,0,0,0,0,0,0,0,0,0,0,0,0,0,0,0,0.5622127659574468,136.1454,209.98499999999999
70,0.2046911544227886,0,0,0,0,0,0,0,0,0,0,0,0,0,0,0,0,0,0,0,0,0.28363418290854575,0,0,0,0,0,0,0,0,0,0,0,0,0,0,0.21323988005997002,0,0,0,0,0,0.1647391304347826,0,0,0,0,0,0,0,0,0,0,0,0,0,0,0,0,0,0,0,0,0.13369565217391305,105.7548,173.993
71,0.04105416666666667,0,0,0,0,0,0,0,0,0,0,0,0,0,0,0,0,0,0,0,0,0.10667916666666667,0,0,0,0,0,0,0,0,0,0,0,0,0,0,0,0,0,0,0,0,0.18545,0,0,0,0,0,0,0,0,0,0,0,0,0,0,0,0,0,0,0,0,0.1826375,150.5398,184.434
72,0.15511022657685242,0,0,0,0,0,0,0,0,0,0,0,0,0,0,0,0,0,0,0,0,0.19987752602571954,0,0,0,0,0,0,0,0,0,0,0,0,0,0,0,0,0,0,0,0,0.26214635639926515,0,0,0,0,0,0,0,0,0,0,0,0,0,0,0,0,0,0,0,0,0,98.5248,147.21699999999996
73,0.15378236100093748,0,0,0,0,0.2883824908055095,0,0,0,0,0,0,0,0,0,0,0,0,0,0,0,0,0.20654791952116536,0,0,0,0,0,0,0,0,0,0,0,0,0,0,0,0,0,0,0,0,0.189363236460662,0,0,0,0,0,0,0,0,0,0,0,0,0,0,0,0,0,0,0,0.16192399221172568,132.51779999999997,191.50799999999998
74,0,0,0,0,0,0.08436324786324786,0,0,0,0,0,0.17836324786324786,0,0,0,0,0,0,0,0,0,0,0,0,0,0,0.2944316239316239,0,0,0,0,0.21176495726495725,0,0,0,0,0,0,0,0,0,0,0,0,0,0,0,0.23107692307692307,0,0,0,0,0,0,0,0,0,0,0,0,0,0,0,0,153.6672,123.68299999999998
75,0.09142062314540059,0,0,0,0,0,0,0,0,0,0,0,0,0,0,0,0,0,0,0,0,0.1401780415430267,0.24344708209693372,0,0,0,0,0,0,0,0,0,0,0,0,0,0,0,0,0,0,0,0.3323887240356083,0,0,0,0,0,0,0,0,0,0,0,0,0,0,0,0,0,0,0,0,0.19256552917903066,122.7058,191.788
76,0.12186932215234102,0,0,0,0,0,0,0,0,0,0.19799091544374564,0,0,0,0,0,0,0,0,0,0,0.1436303284416492,0,0,0,0,0,0,0,0,0,0,0,0,0,0,0,0,0,0,0,0,0.24917540181691125,0,0,0,0,0,0,0,0,0,0,0,0,0,0,0,0,0,0,0,0,0.2873340321453529,130.2202,171.498
77,0.09069347187711768,0,0,0,0,0,0,0,0,0,0,0,0,0,0,0,0,0,0,0,0,0.1475950363240234,0,0,0,0,0,0,0,0,0,0,0,0,0,0,0,0,0,0,0,0,0.12025729212967348,0,0,0,0,0,0,0,0,0,0,0,0,0,0,0,0,0,0,0,0,0.16873000721379802,155.865,204.94399999999996
78,0.28942105263157897,0,0.2639338345864662,0,0,0,0,0,0,0,0,0,0,0,0,0,0,0,0,0,0,0,0.20582406015037594,0,0,0,0,0,0,0,0,0,0,0,0,0,0,0,0,0,0,0,0,0.17715488721804512,0,0,0,0,0,0,0,0,0,0,0,0,0.06366616541353383,0,0,0,0,0,0,0,107.6116,146.401
79,0.11096073517126148,0,0,0,0,0,0,0,0,0,0,0,0,0,0,0,0,0,0,0,0,0,0.12610693400167083,0,0,0,0,0.0655889724310777,0,0,0,0,0,0,0,0,0,0,0,0,0,0,0.32124895572263995,0.37609440267335004,0,0,0,0,0,0,0,0,0,0,0,0,0,0,0,0,0,0,0,0,129.1746,142.52700000000002
8,0.1798489523006644,0.2631482419486684,0,0,0,0,0,0,0,0,0,0,0,0,0,0,0,0,0,0,0,0,0.2666246335384219,0,0,0,0,0,0,0,0,0,0,0,0,0,0,0,0,0,0,0,0.19876612303033667,0,0,0,0,0,0,0,0,0,0,0,0,0,0,0,0,0,0,0,0,0.0916120491819086,112.27000000000001,177.32299999999998
80,0.11652291666666667,0,0,0,0,0.12986319444444444,0,0,0,0,0,0,0,0,0,0,0,0,0,0,0,0,0,0,0,0,0.1989576388888889,0,0,0,0,0,0,0,0,0,0,0,0,0,0,0,0.3098236111111111,0,0,0,0,0,0,0,0,0,0,0,0,0,0,0,0,0,0,0,0,0.2448326388888889,126.9022,196.84699999999998
81,0.20443,0,0,0,0,0,0,0,0,0,0,0,0,0,0,0,0,0,0,0,0,0.234395,0,0,0,0,0,0,0,0,0,0,0,0,0,0,0,0,0,0,0,0,0.18121,0,0,0,0,0,0,0,0,0,0,0,0,0,0,0,0,0,0,0,0,0.080895,121.2476,204.363
82,0.2363901101467066,0,0,0,0,0,0,0,0,0,0,0,0,0,0,0,0,0,0,0,0.11219152584211194,0.23190518443402205,0,0,0,0,0,0,0,0,0,0,0,0,0,0,0,0,0,0,0,0,0.2121975302052825,0,0,0,0,0,0,0,0,0,0,0,0,0,0,0,0,0,0,0,0,0.2073156493718769,120.45859999999998,210.11599999999999
83,0.14283518735363,0,0,0,0,0,0,0,0,0,0,0,0,0,0,0,0,0,0,0,0,0.15778322599531616,0,0,0,0,0.22175424473067915,0,0,0,0,0,0,0,0,0,0,0,0,0,0,0,0,0.1867278981264637,0,0,0,0,0,0,0,0,0,0,0,0,0,0,0,0,0,0,0,0.29089944379391103,136.6564,199.533
84,0.25328866414264734,0,0,0,0,0,0,0,0,0,0,0,0,0,0,0,0,0,0,0,0,0.19955208284104453,0,0,0,0,0,0,0,0,0,0,0,0,0,0,0,0,0,0,0,0,0.19774279391318098,0.22283350632726018,0,0,0,0,0,0,0,0,0,0,0,0,0,0,0,0,0,0,0,0.12658295277586698,133.08319999999998,201.91799999999998
85,0.2334490740740741,0,0,0,0,0,0,0,0,0,0,0,0,0,0,0,0,0,0,0,0,0.20439284336419752,0,0,0,0,0,0,0,0,0,0,0,0,0,0,0,0,0,0,0,0,0.2076369598765432,0,0,0,0,0,0,0,0,0,0,0,0,0,0,0,0,0,0,0,0,0.19751880787037038,117.35679999999999,186.303
86,0.20168333333333333,0,0,0,0,0.32779583333333334,0,0,0,0,0,0,0,0,0,0,0,0,0,0,0,0.20309166666666667,0,0,0,0,0,0,0,0,0,0,0,0,0,0,0,0,0,0,0,0,0.1414,0,0,0,0,0,0,0,0,0,0,0,0,0,0,0,0,0,0,0,0,0.12602916666666666,122.87100000000001,206.92899999999997
87,0.16998711340206185,0,0,0,0,0.09801546391752577,0,0,0,0,0,0.06681701030927835,0,0,0,0,0,0,0,0,0,0,0,0,0,0,0,0,0,0,0,0,0,0,0,0,0,0,0,0,0,0,0.12769329896907217,0,0,0,0,0,0,0,0,0,0,0,0,0,0,0,0,0,0,0,0,0.5374871134020619,131.8384,180.80399999999997
88,0.1949624060150376,0,0,0,0,0,0,0,0,0,0,0,0,0,0,0,0,0,0,0,0,0.11720551378446115,0,0,0,0,0,0,0,0,0,0,0,0,0,0,0,0,0,0,0,0,0.11505012531328321,0,0,0,0,0,0,0,0,0,0,0,0,0,0,0,0,0,0,0,0,0.2669924812030075,133.6212,218.63
89,0.15414968513346347,0.3106718204086782,0,0,0,0,0.27528481666952853,0,0,0,0,0,0,0,0,0,0,0,0,0,0,0,0,0,0,0,0.15804302650345706,0,0,0,0,0,0,0,0,0,0,0,0,0,0,0,0,0,0,0,0,0,0,0,0,0,0,0,0,0,0,0,0,0,0,0,0,0.10185065128487274,112.50259999999999,201.49399999999997
9,0.19353735263575836,0,0,0,0,0,0,0,0,0,0,0,0,0,0,0,0,0,0,0,0,0.07827866349031824,0,0,0,0,0,0,0,0,0,0,0,0,0,0,0,0,0,0,0,0,0.11067741738439925,0,0,0,0,0,0,0,0,0,0,0,0,0,0,0,0,0,0,0,0,0.35840205240974893,147.6832,203.402
90,0.3249738219895288,0.17554973821989528,0,0,0,0,0,0,0,0,0,0,0,0,0,0,0,0,0,0,0,0.21659249563699826,0,0,0,0,0,0,0,0,0,0,0,0,0,0,0,0,0,0,0,0,0.13898778359511343,0,0,0,0,0,0,0,0,0,0,0,0,0,0,0,0,0,0,0,0,0.14389616055846421,122.37100000000001,234.946
91,0.20684850513163766,0,0,0,0,0.3161936635430611,0,0,0,0,0,0,0,0,0,0,0,0,0,0,0,0,0.24373047746541723,0,0,0,0,0,0,0,0,0,0,0,0,0,0,0,0,0,0,0,0.1511813922356091,0,0,0,0,0,0,0,0,0,0,0,0,0,0,0,0,0,0,0,0,0.08204596162427488,123.93440000000001,183.29399999999998
92,0.10042444444444444,0,0,0,0,0,0.1347888888888889,0,0,0,0,0,0,0,0,0,0,0,0,0,0,0,0,0,0,0,0,0,0,0,0,0,0,0,0,0,0,0,0,0,0,0,0.1254911111111111,0,0,0,0,0,0,0,0,0,0,0,0,0,0,0,0,0,0,0,0,0.32252888888888886,146.5522,197.029
93,0,0.11657986111111111,0,0,0,0,0.20519791666666667,0,0,0,0,0,0,0,0,0,0,0,0,0,0,0,0,0,0,0,0.17511458333333332,0,0,0,0,0,0,0,0,0,0,0,0,0,0,0,0,0,0,0,0,0.3233125,0,0,0,0,0,0,0,0,0,0,0,0,0,0,0,0.1797951388888889,146.672,192.37599999999998
94,0.04848168380462725,0,0,0,0,0,0,0,0,0,0,0,0,0,0,0,0,0,0,0,0,0.14540934732933447,0,0,0,0,0,0,0,0,0,0,0,0,0,0,0,0,0,0,0,0,0.29259943587546416,0,0,0,0,0,0,0,0,0,0,0,0,0,0,0,0,0,0,0,0,0.3664087046558126,149.0678,193.526
95,0,0.057451018808777427,0,0,0,0,0,0,0,0,0,0,0,0,0,0,0,0,0,0,0,0,0.06032719435736677,0,0,0,0,0,0,0,0,0,0,0,0,0,0,0,0,0,0,0,0.1872217868338558,0,0,0,0,0,0,0,0,0,0,0,0,0,0,0,0,0,0,0,0,0.5714831504702195,163.5826,184.479
96,0.15065416666666667,0,0,0,0,0,0,0,0,0,0,0,0,0,0,0,0,0,0,0,0,0.09591018518518518,0,0,0,0,0,0,0,0,0,0,0,0,0,0,0,0,0,0,0,0,0.06726574074074074,0,0,0,0,0,0,0,0,0,0,0,0,0,0,0,0,0,0,0,0,0.29430972222222224,139.0582,187.765
97,0.09831746031746032,0,0,0,0,0,0,0,0,0,0,0,0,0,0,0,0,0,0,0,0,0.15658095238095238,0,0,0,0,0,0,0,0,0,0,0,0,0,0,0,0,0,0,0,0,0.2316,0,0,0,0,0,0,0,0,0,0,0,0,0,0,0,0,0,0,0,0,0.12567301587301588,136.30619999999996,183.66199999999998
98,0.23229126192035704,0,0,0,0,0,0,0,0,0,0,0,0,0,0,0,0,0,0,0,0,0,0.2181178325210653,0,0,0,0,0.19916737902017162,0,0,0,0,0,0,0,0,0,0,0,0,0,0,0,0,0,0,0,0.07420762236753001,0,0,0,0,0,0,0,0,0,0,0,0,0,0,0,0,106.8074,195.379
99,0.25329268292682927,0.2413297373358349,0,0,0,0,0,0,0,0,0,0,0,0,0,0,0,0,0,0,0,0,0.20913696060037523,0,0,0,0,0,0,0,0,0,0,0,0,0,0,0,0,0,0,0,0.18923311444652907,0,0,0,0,0.10700750469043152,0,0,0,0,0,0,0,0,0,0,0,0,0,0,0,0,120.22459999999998,193.94299999999998
